white_share,n_crimes,n_searches,lsoa_id,rel_size
0.882072256305385,498,12,1,0.000185701021355617
0.0554335894621295,978,8,2,0.000123800680903745
0.893408134642356,556,14,3,0.000216651191581554
0.952720207253886,627,20,4,0.000309501702259362
0.79089709762533,1743,18,5,0.000278551532033426
0.587533156498674,1091,26,6,0.000402352212937171
0.939871152469578,449,2,7,3.09501702259362e-05
0.947086801426873,1487,13,8,0.000201176106468586
0.713545521835677,1014,14,9,0.000216651191581554
0.8898847631242,1650,23,10,0.000355926957598267
0.748717948717949,1380,5,11,7.73754255648406e-05
0.817267888823182,720,9,12,0.000139275766016713
0.660785429709733,1503,81,13,0.00125348189415042
0.746041798606713,1100,10,14,0.000154750851129681
0.981710914454277,1056,24,15,0.000371402042711235
0.777639751552795,1311,34,16,0.000526152893840916
0.205607476635514,1525,35,17,0.000541627978953884
0.0842142353770261,1816,81,18,0.00125348189415042
0.725930680359435,985,7,19,0.000108325595790777
0.869489305979922,10375,237,20,0.00366759517177344
0.917539267015707,2854,88,21,0.00136180748994119
0.922242314647378,958,9,22,0.000139275766016713
0.766688697951091,635,1,23,1.54750851129681e-05
0.81473968897904,1490,41,24,0.000634478489631693
0.759174311926605,696,13,25,0.000201176106468586
0.823639774859287,916,14,26,0.000216651191581554
0.641072516758074,1161,15,27,0.000232126276694522
0.970947123765253,915,8,28,0.000123800680903745
0.966618287373004,750,7,29,0.000108325595790777
0.950229207596595,1724,52,30,0.000804704425874342
0.531907179115301,2503,46,31,0.000711853915196534
0.784037558685446,2979,50,32,0.000773754255648406
0.806716417910448,390,2,33,3.09501702259362e-05
0.128509045539613,953,45,34,0.000696378830083565
0.961812297734628,1353,10,35,0.000154750851129681
0.902798982188295,2610,63,36,0.000974930362116992
0.796798886569242,1196,15,37,0.000232126276694522
0.673446327683616,1333,36,38,0.000557103064066852
0.821341463414634,1084,26,39,0.000402352212937171
0.916565164433618,604,4,40,6.19003404518725e-05
0.148806218767351,824,21,41,0.000324976787372331
0.525978647686833,442,15,42,0.000232126276694522
0.684907834101383,2845,105,43,0.00162488393686165
0.184931506849315,612,15,44,0.000232126276694522
0.517015706806283,1462,56,45,0.000866604766326215
0.749667994687915,936,50,46,0.000773754255648406
0.84635761589404,1922,2,47,3.09501702259362e-05
0.69128156264888,3375,132,48,0.00204271123491179
0.610831234256927,719,8,49,0.000123800680903745
0.814098919840819,1823,14,50,0.000216651191581554
0.847058823529412,1495,19,51,0.000294026617146394
0.368421052631579,1893,40,52,0.000619003404518725
0.709736680955297,1587,16,53,0.00024760136180749
0.493375728669846,4713,258,54,0.00399257195914578
0.903057419835943,722,4,55,6.19003404518725e-05
0.908683473389356,2713,19,56,0.000294026617146394
0.851089588377724,4380,172,57,0.00266171463943052
0.78373382624769,644,19,58,0.000294026617146394
0.257594167679222,1383,4,59,6.19003404518725e-05
0.918243754731264,1358,27,60,0.000417827298050139
0.840185676392573,1614,25,61,0.000386877127824203
0.92065868263473,729,6,62,9.28505106778087e-05
0.778076664425017,1124,8,63,0.000123800680903745
0.848708487084871,1652,14,64,0.000216651191581554
0.816599732262383,778,14,65,0.000216651191581554
0.828919112383679,1618,35,66,0.000541627978953884
0.803188565145685,1690,27,67,0.000417827298050139
0.884641180415828,556,8,68,0.000123800680903745
0.915618060695781,636,6,69,9.28505106778087e-05
0.368168389955687,1766,37,70,0.000572578149179821
0.81203007518797,1796,24,71,0.000371402042711235
0.901564537157758,1143,8,72,0.000123800680903745
0.943248532289628,353,4,73,6.19003404518725e-05
0.704250295159386,2090,31,74,0.000479727638502012
0.817424727738629,2235,50,75,0.000773754255648406
0.380785002929115,1229,17,76,0.000263076446920458
0.971395213076474,950,10,77,0.000154750851129681
0.713618157543391,1352,42,78,0.000649953574744661
0.759195402298851,2379,19,79,0.000294026617146394
0.912413793103448,383,3,80,4.64252553389044e-05
0.798063623789765,713,17,81,0.000263076446920458
0.805489260143198,539,6,82,9.28505106778087e-05
0.620184899845917,1517,37,83,0.000572578149179821
0.9234205488194,734,16,84,0.00024760136180749
0.690457097032879,574,4,85,6.19003404518725e-05
0.787460815047022,1309,53,86,0.00082017951098731
0.919108280254777,530,10,87,0.000154750851129681
0.898513582778062,993,8,88,0.000123800680903745
0.553034300791557,4890,188,89,0.00290931600123801
0.787081339712919,999,15,90,0.000232126276694522
0.843054720384847,1108,22,91,0.000340451872485299
0.451194539249147,1378,26,92,0.000402352212937171
0.858437146092865,1293,25,93,0.000386877127824203
0.497546614327772,26716,1450,94,0.0224388734138038
0.595238095238095,1729,72,95,0.0011142061281337
0.830873308733087,1192,71,96,0.00109873104302074
0.927444794952681,960,12,97,0.000185701021355617
0.198664440734558,811,43,98,0.000665428659857629
0.525882352941177,2820,69,99,0.0010677808727948
0.66705675833821,1329,17,100,0.000263076446920458
0.70297699594046,1615,51,101,0.000789229340761374
0.937614678899082,784,11,102,0.000170225936242649
0.744851258581236,2921,72,103,0.0011142061281337
0.848209513629075,3758,86,104,0.00133085731971526
0.83652762119504,2417,53,105,0.00082017951098731
0.727149627623561,1093,5,106,7.73754255648406e-05
0.886278195488722,2403,59,107,0.000913030021665119
0.104880581516096,3359,121,108,0.00187248529866914
0.323511356660528,1452,25,109,0.000386877127824203
0.506746626686657,1572,63,110,0.000974930362116992
0.863781031190325,1146,24,111,0.000371402042711235
0.706090651558074,577,23,112,0.000355926957598267
0.960719041278296,1226,16,113,0.00024760136180749
0.101587301587302,3003,113,114,0.0017486846177654
0.813477737665463,1995,18,115,0.000278551532033426
0.894573643410853,654,26,116,0.000402352212937171
0.120998719590269,1410,20,117,0.000309501702259362
0.0742506811989101,999,25,118,0.000386877127824203
0.72316384180791,2564,32,119,0.00049520272361498
0.778242677824268,954,9,120,0.000139275766016713
0.741500269832704,1649,24,121,0.000371402042711235
0.941375422773394,1986,65,122,0.00100588053234293
0.975919732441472,490,11,123,0.000170225936242649
0.192825112107623,1746,51,124,0.000789229340761374
0.984806629834254,631,7,125,0.000108325595790777
0.967067764407853,769,2,126,3.09501702259362e-05
0.416034669555796,895,20,127,0.000309501702259362
0.876197494473102,735,7,128,0.000108325595790777
0.727925340990668,2488,27,129,0.000417827298050139
0.0304678998911861,358,43,130,0.000665428659857629
0.528967254408061,1851,47,131,0.000727329000309502
0.959289415247964,392,6,132,9.28505106778087e-05
0.842639593908629,629,6,133,9.28505106778087e-05
0.948746518105849,1400,29,134,0.000448777468276076
0.695276114437791,1350,16,135,0.00024760136180749
0.663179916317992,1371,30,136,0.000464252553389044
0.855611601513241,2468,35,137,0.000541627978953884
0.939477303988996,1066,8,138,0.000123800680903745
0.850031908104659,279,11,139,0.000170225936242649
0.861657722122838,1186,10,140,0.000154750851129681
0.21209117938553,1037,50,141,0.000773754255648406
0.896186440677966,709,35,142,0.000541627978953884
0.897845726198749,1101,9,143,0.000139275766016713
0.921309192200557,409,11,144,0.000170225936242649
0.727439024390244,518,4,145,6.19003404518725e-05
0.887920298879203,2023,34,146,0.000526152893840916
0.989078498293515,314,4,147,6.19003404518725e-05
0.883004926108374,1030,29,148,0.000448777468276076
0.235812477969686,3312,60,149,0.000928505106778087
0.720292504570384,1289,13,150,0.000201176106468586
0.391281233386497,1397,59,151,0.000913030021665119
0.457386363636364,1293,80,152,0.00123800680903745
0.901823281907433,1530,27,153,0.000417827298050139
0.731749710312862,1666,19,154,0.000294026617146394
0.8,1346,19,155,0.000294026617146394
0.0993710691823899,1275,28,156,0.000433302383163107
0.564323607427056,4393,209,157,0.00323429278861034
0.573681732580038,1290,23,158,0.000355926957598267
0.937795807978364,498,9,159,0.000139275766016713
0.386945169712794,2837,62,160,0.000959455277004024
0.506574394463668,1027,20,161,0.000309501702259362
0.770669885334943,1247,44,162,0.000680903744970597
0.829756795422032,1212,14,163,0.000216651191581554
0.770992366412214,1041,7,164,0.000108325595790777
0.379310344827586,1962,41,165,0.000634478489631693
0.790629575402635,757,14,166,0.000216651191581554
0.84846547314578,4848,73,167,0.00112968121324667
0.312445223488168,8192,541,168,0.00837202104611575
0.894701086956522,545,2,169,3.09501702259362e-05
0.897260273972603,1390,17,170,0.000263076446920458
0.712160979877515,2975,98,171,0.00151655834107088
0.488294314381271,948,22,172,0.000340451872485299
0.903903903903904,743,22,173,0.000340451872485299
0.912810194500335,322,1,174,1.54750851129681e-05
0.918392969240427,1299,8,175,0.000123800680903745
0.813449023861171,884,14,176,0.000216651191581554
0.782077393075356,873,9,177,0.000139275766016713
0.904100529100529,1226,16,178,0.00024760136180749
0.048582995951417,1303,36,179,0.000557103064066852
0.954713006845708,1546,10,180,0.000154750851129681
0.882738095238095,1714,56,181,0.000866604766326215
0.141912512716175,2132,46,182,0.000711853915196534
0.961234745154343,361,7,183,0.000108325595790777
0.53735803945009,773,52,184,0.000804704425874342
0.850314465408805,631,28,185,0.000433302383163107
0.483786610878661,1858,108,186,0.00167130919220056
0.896404631322364,2006,29,187,0.000448777468276076
0.920624593363696,628,11,188,0.000170225936242649
0.934470989761092,714,22,189,0.000340451872485299
0.607086197778953,3427,84,190,0.00129990714948932
0.867961165048544,898,8,191,0.000123800680903745
0.88050694025347,757,13,192,0.000201176106468586
0.537370430987452,3115,136,193,0.00210461157536366
0.827464788732394,1431,41,194,0.000634478489631693
0.766068326577881,887,2,195,3.09501702259362e-05
0.830952380952381,1106,59,196,0.000913030021665119
0.86843853820598,1647,47,197,0.000727329000309502
0.75583864118896,793,32,198,0.00049520272361498
0.178111587982833,922,49,199,0.000758279170535438
0.954802259887006,288,2,200,3.09501702259362e-05
0.781837160751566,1970,43,201,0.000665428659857629
0.935714285714286,965,10,202,0.000154750851129681
0.73625,803,16,203,0.00024760136180749
0.692411924119241,1832,18,204,0.000278551532033426
0.676744186046512,595,14,205,0.000216651191581554
0.83046357615894,969,37,206,0.000572578149179821
0.906578947368421,1496,30,207,0.000464252553389044
0.969271877087508,1017,9,208,0.000139275766016713
0.503488372093023,2182,91,209,0.0014082327452801
0.718631178707224,1439,78,210,0.00120705663881151
0.917525773195876,737,7,211,0.000108325595790777
0.956834532374101,565,5,212,7.73754255648406e-05
0.1746126340882,767,83,213,0.00128443206437635
0.613062230437461,665,4,214,6.19003404518725e-05
0.818025258323766,1159,4,215,6.19003404518725e-05
0.883838383838384,2689,129,216,0.00199628597957289
0.764280549530007,623,22,217,0.000340451872485299
0.871012482662968,745,18,218,0.000278551532033426
0.610480349344978,1888,95,219,0.00147013308573197
0.956645344705046,1178,16,220,0.00024760136180749
0.294608472400514,3007,77,221,0.00119158155369855
0.692643391521197,1491,31,222,0.000479727638502012
0.82921511627907,643,11,223,0.000170225936242649
0.88655737704918,897,32,224,0.00049520272361498
0.599760335530258,2001,27,225,0.000417827298050139
0.891304347826087,1084,14,226,0.000216651191581554
0.689706987227648,1157,16,227,0.00024760136180749
0.836034912718205,1672,58,228,0.000897554936552151
0.149890590809628,4446,59,229,0.000913030021665119
0.724821973550356,2100,44,230,0.000680903744970597
0.101771336553945,2030,47,231,0.000727329000309502
0.746968898260411,1355,11,232,0.000170225936242649
0.85140562248996,1046,11,233,0.000170225936242649
0.878877400295421,815,16,234,0.00024760136180749
0.780927835051546,1040,31,235,0.000479727638502012
0.337990685296075,5051,313,236,0.00484370164035902
0.283890577507599,1490,60,237,0.000928505106778087
0.139216904909882,1406,33,238,0.000510677808727948
0.844334433443344,1113,12,239,0.000185701021355617
0.944891640866873,1572,31,240,0.000479727638502012
0.939477303988996,497,3,241,4.64252553389044e-05
0.699814700432366,722,13,242,0.000201176106468586
0.0585516178736518,1673,49,243,0.000758279170535438
0.714384989576095,1437,9,244,0.000139275766016713
0.763770584894946,1240,13,245,0.000201176106468586
0.797396717600453,2098,52,246,0.000804704425874342
0.818481848184818,603,5,247,7.73754255648406e-05
0.943001443001443,700,15,248,0.000232126276694522
0.95873786407767,1075,7,249,0.000108325595790777
0.805084745762712,987,1,250,1.54750851129681e-05
0.80396174863388,1662,14,251,0.000216651191581554
0.581758957654723,1769,18,252,0.000278551532033426
0.732512953367876,1269,45,253,0.000696378830083565
0.374288039056143,3116,44,254,0.000680903744970597
0.601700921332388,1085,8,255,0.000123800680903745
0.663573085846868,2274,36,256,0.000557103064066852
0.297459893048128,3142,96,257,0.00148560817084494
0.900050226017077,1900,16,258,0.00024760136180749
0.70473401659346,2149,26,259,0.000402352212937171
0.794762915782024,848,11,260,0.000170225936242649
0.340985442329227,3104,51,261,0.000789229340761374
0.896067415730337,1840,26,262,0.000402352212937171
0.923076923076923,1029,12,263,0.000185701021355617
0.463466666666667,4483,154,264,0.00238316310739709
0.786608600979859,2282,50,265,0.000773754255648406
0.965156794425087,562,19,266,0.000294026617146394
0.952868852459016,676,4,267,6.19003404518725e-05
0.352839931153184,2363,143,268,0.00221293717115444
0.690346083788707,2107,49,269,0.000758279170535438
0.337708228167592,1550,37,270,0.000572578149179821
0.940677966101695,1303,21,271,0.000324976787372331
0.875709779179811,1330,30,272,0.000464252553389044
0.935849056603774,557,9,273,0.000139275766016713
0.514348785871965,1045,25,274,0.000386877127824203
0.190391459074733,1946,111,275,0.00171773444753946
0.895924308588064,1218,17,276,0.000263076446920458
0.351704545454545,2028,73,277,0.00112968121324667
0.103333333333333,1413,36,278,0.000557103064066852
0.947916666666667,330,12,279,0.000185701021355617
0.889617908143574,2314,13,280,0.000201176106468586
0.825418994413408,1650,16,281,0.00024760136180749
0.784732824427481,630,3,282,4.64252553389044e-05
0.726336123631681,1456,14,283,0.000216651191581554
0.887931034482759,791,8,284,0.000123800680903745
0.954513645906228,682,10,285,0.000154750851129681
0.748958953004164,2707,34,286,0.000526152893840916
0.189189189189189,2538,101,287,0.00156298359640978
0.895795246800731,883,21,288,0.000324976787372331
0.777005685407454,963,10,289,0.000154750851129681
0.942307692307692,904,18,290,0.000278551532033426
0.866152768044849,1609,38,291,0.000588053234292789
0.94155427103404,294,19,292,0.000294026617146394
0.0549725137431284,1569,48,293,0.00074280408542247
0.87747287811104,586,4,294,6.19003404518725e-05
0.930897009966777,803,8,295,0.000123800680903745
0.888346127006281,2369,26,296,0.000402352212937171
0.718176060797973,1519,31,297,0.000479727638502012
0.127348643006263,1733,66,298,0.0010213556174559
0.0827740492170022,642,40,299,0.000619003404518725
0.836294416243655,1003,15,300,0.000232126276694522
0.96986301369863,670,9,301,0.000139275766016713
0.764782326185835,408,6,302,9.28505106778087e-05
0.908305647840532,2005,35,303,0.000541627978953884
0.322002472187886,1750,59,304,0.000913030021665119
0.883966244725738,1174,18,305,0.000278551532033426
0.0776470588235294,1287,46,306,0.000711853915196534
0.929384965831435,567,8,307,0.000123800680903745
0.311193111931119,1055,17,308,0.000263076446920458
0.870172555464256,1064,18,309,0.000278551532033426
0.931171409662475,644,9,310,0.000139275766016713
0.961821835231078,1227,19,311,0.000294026617146394
0.807060255629945,823,4,312,6.19003404518725e-05
0.909375,863,11,313,0.000170225936242649
0.963235294117647,720,10,314,0.000154750851129681
0.696655132641292,1420,14,315,0.000216651191581554
0.240147783251232,1489,68,316,0.00105230578768183
0.899750933997509,1499,35,317,0.000541627978953884
0.913618677042802,1572,24,318,0.000371402042711235
0.737037037037037,1003,20,319,0.000309501702259362
0.818459657701711,1195,18,320,0.000278551532033426
0.486411149825784,1821,35,321,0.000541627978953884
0.62962962962963,1094,30,322,0.000464252553389044
0.972865651886168,1074,14,323,0.000216651191581554
0.94299128101945,965,28,324,0.000433302383163107
0.90779702970297,2055,19,325,0.000294026617146394
0.949375410913872,304,3,326,4.64252553389044e-05
0.777104784978801,1072,10,327,0.000154750851129681
0.431192660550459,2215,38,328,0.000588053234292789
0.966707768187423,1099,9,329,0.000139275766016713
0.957207207207207,553,4,330,6.19003404518725e-05
0.631044487427466,3814,89,331,0.00137728257505416
0.130992572586091,1991,133,332,0.00205818632002476
0.953580901856764,846,12,333,0.000185701021355617
0.130589430894309,3113,70,334,0.00108325595790777
0.736741214057508,729,9,335,0.000139275766016713
0.708814589665654,430,8,336,0.000123800680903745
0.73525721455458,4824,139,337,0.00215103683070257
0.409691629955947,2581,73,338,0.00112968121324667
0.760449157829071,1667,32,339,0.00049520272361498
0.850855745721271,1418,12,340,0.000185701021355617
0.830581478822685,966,12,341,0.000185701021355617
0.794790343074968,655,13,342,0.000201176106468586
0.701515151515152,570,16,343,0.00024760136180749
0.889686684073107,2255,52,344,0.000804704425874342
0.682721252257676,3317,74,345,0.00114515629835964
0.856651376146789,834,9,346,0.000139275766016713
0.396761133603239,1761,55,347,0.000851129681213247
0.813938618925831,2188,58,348,0.000897554936552151
0.896156439649359,2083,37,349,0.000572578149179821
0.636981645139361,1358,20,350,0.000309501702259362
0.83448275862069,690,11,351,0.000170225936242649
0.893995098039216,370,2,352,3.09501702259362e-05
0.558206796818511,23002,752,353,0.011637264004952
0.741798941798942,1811,39,354,0.000603528319405757
0.703358208955224,2292,13,355,0.000201176106468586
0.7920384351407,954,18,356,0.000278551532033426
0.911710606989577,852,17,357,0.000263076446920458
0.5,1477,21,358,0.000324976787372331
0.5,1225,22,359,0.000340451872485299
0.937359170797657,2695,43,360,0.000665428659857629
0.700922266139657,851,9,361,0.000139275766016713
0.94547134935305,2103,45,362,0.000696378830083565
0.0723032069970846,1968,64,363,0.00099040544722996
0.32602252519265,2963,82,364,0.00126895697926339
0.447883765003159,690,5,365,7.73754255648406e-05
0.944242424242424,1141,19,366,0.000294026617146394
0.800965018094089,2096,30,367,0.000464252553389044
0.667333333333333,1156,22,368,0.000340451872485299
0.976744186046512,787,11,369,0.000170225936242649
0.806779661016949,1071,25,370,0.000386877127824203
0.523394994559304,2718,22,371,0.000340451872485299
0.89978976874562,573,30,372,0.000464252553389044
0.903098591549296,3631,47,373,0.000727329000309502
0.872005044136192,1664,51,374,0.000789229340761374
0.916138125440451,664,8,375,0.000123800680903745
0.839881393624907,1260,10,376,0.000154750851129681
0.400114810562572,628,16,377,0.00024760136180749
0.825235678027556,1238,21,378,0.000324976787372331
0.837939698492462,676,12,379,0.000185701021355617
0.645038167938931,2702,54,380,0.000835654596100279
0.63305978898007,1571,24,381,0.000371402042711235
0.176702862783811,1877,88,382,0.00136180748994119
0.979121670266379,1213,21,383,0.000324976787372331
0.756578947368421,1954,28,384,0.000433302383163107
0.908446163765313,568,4,385,6.19003404518725e-05
0.881203007518797,579,25,386,0.000386877127824203
0.888294314381271,2126,6,387,9.28505106778087e-05
0.893095768374165,1005,12,388,0.000185701021355617
0.456371625863151,1481,89,389,0.00137728257505416
0.78663629460896,986,40,390,0.000619003404518725
0.494705882352941,854,21,391,0.000324976787372331
0.751381215469613,488,4,392,6.19003404518725e-05
0.292975442604226,4658,125,393,0.00193438563912102
0.831775700934579,1269,10,394,0.000154750851129681
0.991602519244227,413,2,395,3.09501702259362e-05
0.701519756838906,1807,37,396,0.000572578149179821
0.941958041958042,1160,4,397,6.19003404518725e-05
0.680851063829787,2709,38,398,0.000588053234292789
0.25748502994012,2056,52,399,0.000804704425874342
0.585365853658537,1352,77,400,0.00119158155369855
0.200509229789943,953,30,401,0.000464252553389044
0.486454652532391,25526,1355,402,0.0209687403280718
0.967720685111989,584,24,403,0.000371402042711235
0.972992700729927,373,7,404,0.000108325595790777
0.975940777297964,1022,6,405,9.28505106778087e-05
0.467438494934877,3507,60,406,0.000928505106778087
0.833907649896623,461,8,407,0.000123800680903745
0.278445229681979,1698,56,408,0.000866604766326215
0.623695976154993,929,29,409,0.000448777468276076
0.883874518436984,715,18,410,0.000278551532033426
0.965471447543161,847,11,411,0.000170225936242649
0.788521522145976,713,2,412,3.09501702259362e-05
0.502463054187192,1721,56,413,0.000866604766326215
0.864066852367688,956,27,414,0.000417827298050139
0.61667703795893,1355,26,415,0.000402352212937171
0.778921865536039,1271,40,416,0.000619003404518725
0.83914373088685,335,9,417,0.000139275766016713
0.277524429967427,1425,51,418,0.000789229340761374
0.719065656565657,1250,6,419,9.28505106778087e-05
0.962842242503259,1062,11,420,0.000170225936242649
0.533177205308353,863,19,421,0.000294026617146394
0.986338797814208,290,1,422,1.54750851129681e-05
0.760550458715596,2915,32,423,0.00049520272361498
0.877427997320831,1171,21,424,0.000324976787372331
0.921471927162367,2179,35,425,0.000541627978953884
0.981223922114047,333,12,426,0.000185701021355617
0.448257930317213,5656,420,427,0.00649953574744661
0.638643067846608,390,4,428,6.19003404518725e-05
0.584821428571429,3132,65,429,0.00100588053234293
0.825527534740093,1813,23,430,0.000355926957598267
0.788867562380038,660,26,431,0.000402352212937171
0.932379713914174,521,12,432,0.000185701021355617
0.878857142857143,1129,14,433,0.000216651191581554
0.472501478415139,464,9,434,0.000139275766016713
0.199737187910644,1435,20,435,0.000309501702259362
0.884218289085546,1413,13,436,0.000201176106468586
0.686226065472514,641,7,437,0.000108325595790777
0.530361757105943,1592,47,438,0.000727329000309502
0.786184210526316,753,34,439,0.000526152893840916
0.877347417840376,1121,15,440,0.000232126276694522
0.910632746249185,525,17,441,0.000263076446920458
0.108991825613079,553,34,442,0.000526152893840916
0.470051340559042,2582,162,443,0.00250696378830084
0.855534709193246,787,17,444,0.000263076446920458
0.638961038961039,1829,64,445,0.00099040544722996
0.713119899560578,1058,7,446,0.000108325595790777
0.84850455136541,921,43,447,0.000665428659857629
0.143487858719647,2127,77,448,0.00119158155369855
0.215098861593769,539,26,449,0.000402352212937171
0.822942643391521,770,11,450,0.000170225936242649
0.816208393632417,2657,37,451,0.000572578149179821
0.803860523038605,1547,45,452,0.000696378830083565
0.922342457033736,564,13,453,0.000201176106468586
0.845060412224591,636,11,454,0.000170225936242649
0.819763828464885,2125,60,455,0.000928505106778087
0.0743889479277365,3202,92,456,0.00142370783039307
0.884615384615385,1827,31,457,0.000479727638502012
0.794392523364486,1858,25,458,0.000386877127824203
0.939393939393939,751,5,459,7.73754255648406e-05
0.261666666666667,2087,76,460,0.00117610646858558
0.877600979192166,554,9,461,0.000139275766016713
0.812618296529968,1108,22,462,0.000340451872485299
0.56964656964657,1243,25,463,0.000386877127824203
0.848341232227488,430,4,464,6.19003404518725e-05
0.749014454664915,1300,13,465,0.000201176106468586
0.692210259658011,791,25,466,0.000386877127824203
0.739330269205516,1547,21,467,0.000324976787372331
0.974202308214528,1039,5,468,7.73754255648406e-05
0.965087281795511,735,1,469,1.54750851129681e-05
0.765917602996255,1071,15,470,0.000232126276694522
0.910128388017118,664,24,471,0.000371402042711235
0.589272030651341,1704,39,472,0.000603528319405757
0.890278567367823,793,22,473,0.000340451872485299
0.95734908136483,1126,16,474,0.00024760136180749
0.233472029588534,2096,64,475,0.00099040544722996
0.047001620745543,2136,115,476,0.00177963478799133
0.879725085910653,1058,25,477,0.000386877127824203
0.517029972752044,1423,16,478,0.00024760136180749
0.78625472887768,983,5,479,7.73754255648406e-05
0.8095,404,38,480,0.000588053234292789
0.966901408450704,3546,31,481,0.000479727638502012
0.126269035532995,1647,77,482,0.00119158155369855
0.603355704697987,743,32,483,0.00049520272361498
0.87051282051282,890,11,484,0.000170225936242649
0.83301827347196,769,7,485,0.000108325595790777
0.846208362863218,1176,29,486,0.000448777468276076
0.997214484679666,272,2,487,3.09501702259362e-05
0.687582562747688,1546,16,488,0.00024760136180749
0.948275862068965,8597,504,489,0.00779944289693593
0.891855807743658,817,21,490,0.000324976787372331
0.924010217113665,1959,42,491,0.000649953574744661
0.459657701711492,1431,17,492,0.000263076446920458
0.564048124557679,2425,62,493,0.000959455277004024
0.797554347826087,776,9,494,0.000139275766016713
0.193213296398892,1324,25,495,0.000386877127824203
0.872111767866738,1783,45,496,0.000696378830083565
0.791495198902606,1416,32,497,0.00049520272361498
0.684015786877158,3142,71,498,0.00109873104302074
0.620198265179678,621,8,499,0.000123800680903745
0.951557093425606,954,16,500,0.00024760136180749
0.768201284796574,512,4,501,6.19003404518725e-05
0.818548387096774,797,7,502,0.000108325595790777
0.276330690826727,3939,73,503,0.00112968121324667
0.983870967741936,280,1,504,1.54750851129681e-05
0.964957819597664,855,34,505,0.000526152893840916
0.821940928270042,729,4,506,6.19003404518725e-05
0.905489923558026,1582,55,507,0.000851129681213247
0.920353982300885,801,10,508,0.000154750851129681
0.771766169154229,1056,39,509,0.000603528319405757
0.817381092190253,1155,17,510,0.000263076446920458
0.861318830727396,830,17,511,0.000263076446920458
0.706455542021925,979,15,512,0.000232126276694522
0.407849829351536,1465,164,513,0.00253791395852677
0.244170984455959,1141,44,514,0.000680903744970597
0.7198606271777,728,7,515,0.000108325595790777
0.836139896373057,1595,52,516,0.000804704425874342
0.857245854361932,476,9,517,0.000139275766016713
0.828005115089514,1884,42,518,0.000649953574744661
0.194812069878242,1807,100,519,0.00154750851129681
0.767845230153436,1574,55,520,0.000851129681213247
0.79951397326853,940,9,521,0.000139275766016713
0.870588235294118,878,18,522,0.000278551532033426
0.789364640883978,513,11,523,0.000170225936242649
0.889118457300276,1806,93,524,0.00143918291550604
0.827129337539432,393,2,525,3.09501702259362e-05
0.858731196860693,1772,44,526,0.000680903744970597
0.798623063683305,859,12,527,0.000185701021355617
0.917213114754098,2302,21,528,0.000324976787372331
0.920430107526882,1012,10,529,0.000154750851129681
0.802941176470588,1119,17,530,0.000263076446920458
0.881930854533594,1387,24,531,0.000371402042711235
0.227104722792608,2406,54,532,0.000835654596100279
0.912234042553191,1173,15,533,0.000232126276694522
0.392922794117647,2951,101,534,0.00156298359640978
0.856363636363636,1576,10,535,0.000154750851129681
0.903426791277259,668,31,536,0.000479727638502012
0.696376101860921,1497,30,537,0.000464252553389044
0.678466076696165,929,2,538,3.09501702259362e-05
0.937655860349127,847,5,539,7.73754255648406e-05
0.81440622972096,1420,32,540,0.00049520272361498
0.242098184263618,1953,63,541,0.000974930362116992
0.780283167278448,2302,40,542,0.000619003404518725
0.927804295942721,2365,40,543,0.000619003404518725
0.552913198573127,445,1,544,1.54750851129681e-05
0.927670869276709,1096,20,545,0.000309501702259362
0.917320458660229,1620,33,546,0.000510677808727948
0.90632603406326,341,8,547,0.000123800680903745
0.675432525951557,451,2,548,3.09501702259362e-05
0.929321203638908,1095,19,549,0.000294026617146394
0.860449285228046,1065,8,550,0.000123800680903745
0.935328701229289,1268,8,551,0.000123800680903745
0.14502307185234,776,6,552,9.28505106778087e-05
0.822406110757479,637,3,553,4.64252553389044e-05
0.954428754813864,263,5,554,7.73754255648406e-05
0.681208053691275,1982,15,555,0.000232126276694522
0.91778774289985,1201,27,556,0.000417827298050139
0.924675324675325,958,14,557,0.000216651191581554
0.607843137254902,1450,42,558,0.000649953574744661
0.792207792207792,1096,3,559,4.64252553389044e-05
0.959901295496607,1899,53,560,0.00082017951098731
0.205769230769231,868,5,561,7.73754255648406e-05
0.602158828064765,2331,59,562,0.000913030021665119
0.954798331015299,645,45,563,0.000696378830083565
0.709215442092154,2576,67,564,0.00103683070256886
0.0885093167701863,1658,57,565,0.000882079851439183
0.774577332498435,1774,9,566,0.000139275766016713
0.982228298017772,543,14,567,0.000216651191581554
0.824631860776439,498,32,568,0.00049520272361498
0.502575844304522,1471,76,569,0.00117610646858558
0.558125741399763,995,24,570,0.000371402042711235
0.525706940874036,1236,26,571,0.000402352212937171
0.835016835016835,1706,22,572,0.000340451872485299
0.0868312757201646,2731,125,573,0.00193438563912102
0.906188925081433,803,45,574,0.000696378830083565
0.881962864721485,1772,47,575,0.000727329000309502
0.189209726443769,2017,83,576,0.00128443206437635
0.817354043920729,1522,20,577,0.000309501702259362
0.653230966090851,919,8,578,0.000123800680903745
0.846701164294955,1138,35,579,0.000541627978953884
0.879548306148055,1806,37,580,0.000572578149179821
0.810542398777693,746,13,581,0.000201176106468586
0.888384166125892,944,8,582,0.000123800680903745
0.918509159823121,453,9,583,0.000139275766016713
0.868421052631579,1065,12,584,0.000185701021355617
0.658909574468085,428,3,585,4.64252553389044e-05
0.689800210304942,2138,110,586,0.00170225936242649
0.864864864864865,1062,20,587,0.000309501702259362
0.811585722644822,986,34,588,0.000526152893840916
0.662322274881517,1854,32,589,0.00049520272361498
0.836745987825125,1018,10,590,0.000154750851129681
0.867574257425743,4143,49,591,0.000758279170535438
0.865631330182309,581,20,592,0.000309501702259362
0.569329073482428,1298,17,593,0.000263076446920458
0.725282485875706,1223,11,594,0.000170225936242649
0.813863928112965,2273,47,595,0.000727329000309502
0.956580732700136,1691,33,596,0.000510677808727948
0.845284872298625,2504,54,597,0.000835654596100279
0.523417721518987,594,4,598,6.19003404518725e-05
0.74334713187463,1477,28,599,0.000433302383163107
0.975731176104543,497,2,600,3.09501702259362e-05
0.967741935483871,681,3,601,4.64252553389044e-05
0.334855403348554,1704,53,602,0.00082017951098731
0.373208106772121,1456,32,603,0.00049520272361498
0.918667699457785,470,6,604,9.28505106778087e-05
0.91583830351226,811,7,605,0.000108325595790777
0.882640586797066,1365,8,606,0.000123800680903745
0.170238824249847,1489,55,607,0.000851129681213247
0.159568427030097,745,27,608,0.000417827298050139
0.977319587628866,367,2,609,3.09501702259362e-05
0.899198931909212,1106,15,610,0.000232126276694522
0.872840359364202,2199,43,611,0.000665428659857629
0.75125,2058,72,612,0.0011142061281337
0.637061403508772,2426,34,613,0.000526152893840916
0.12883087400681,2421,85,614,0.00131538223460229
0.954007884362681,1290,8,615,0.000123800680903745
0.8328173374613,1041,21,616,0.000324976787372331
0.706624605678234,1894,49,617,0.000758279170535438
0.89940119760479,4339,72,618,0.0011142061281337
0.9588772845953,859,6,619,9.28505106778087e-05
0.325794291868605,2641,92,620,0.00142370783039307
0.186379928315412,1754,86,621,0.00133085731971526
0.754282339043119,1525,13,622,0.000201176106468586
0.646327244461718,5160,103,623,0.00159393376663572
0.722490931076179,1223,10,624,0.000154750851129681
0.943410275502606,743,2,625,3.09501702259362e-05
0.785435630689207,1290,17,626,0.000263076446920458
0.861548143486469,931,16,627,0.00024760136180749
0.92189349112426,844,23,628,0.000355926957598267
0.765572672471534,491,8,629,0.000123800680903745
0.94636678200692,911,19,630,0.000294026617146394
0.739769820971867,3888,46,631,0.000711853915196534
0.914486279514997,527,7,632,0.000108325595790777
0.813833225597931,727,4,633,6.19003404518725e-05
0.856011519078474,719,11,634,0.000170225936242649
0.496470588235294,1211,31,635,0.000479727638502012
0.891259463179628,561,4,636,6.19003404518725e-05
0.632394366197183,857,9,637,0.000139275766016713
0.929403701165182,2252,36,638,0.000557103064066852
0.778001341381623,4103,78,639,0.00120705663881151
0.218587008060692,2660,48,640,0.00074280408542247
0.558372248165444,1539,41,641,0.000634478489631693
0.958459214501511,913,25,642,0.000386877127824203
0.868947708198838,876,6,643,9.28505106778087e-05
0.20036832412523,2020,74,644,0.00114515629835964
0.826732673267327,1700,41,645,0.000634478489631693
0.585824081981213,1489,36,646,0.000557103064066852
0.642458100558659,1281,49,647,0.000758279170535438
0.949458483754513,484,9,648,0.000139275766016713
0.792929292929293,2400,85,649,0.00131538223460229
0.907051282051282,1669,11,650,0.000170225936242649
0.972760290556901,723,9,651,0.000139275766016713
0.740859525336754,1151,3,652,4.64252553389044e-05
0.87601246105919,1402,32,653,0.00049520272361498
0.106577344701583,2776,125,654,0.00193438563912102
0.569220430107527,2011,19,655,0.000294026617146394
0.399223133362106,2519,47,656,0.000727329000309502
0.763250883392226,771,9,657,0.000139275766016713
0.604153555695406,1404,5,658,7.73754255648406e-05
0.979195561719834,1146,19,659,0.000294026617146394
0.139563106796117,1942,34,660,0.000526152893840916
0.956273764258555,1301,6,661,9.28505106778087e-05
0.910394265232975,1548,10,662,0.000154750851129681
0.827765404602821,1648,15,663,0.000232126276694522
0.920321185917233,880,24,664,0.000371402042711235
0.504778972520908,1934,62,665,0.000959455277004024
0.74967824967825,1054,40,666,0.000619003404518725
0.770299609205384,1144,11,667,0.000170225936242649
0.813356164383562,737,10,668,0.000154750851129681
0.0591245025582717,1606,68,669,0.00105230578768183
0.817267888823182,3074,49,670,0.000758279170535438
0.748133061778683,843,2,671,3.09501702259362e-05
0.257110987172337,2679,22,672,0.000340451872485299
0.567583732057416,1718,18,673,0.000278551532033426
0.956318252730109,436,12,674,0.000185701021355617
0.764741641337386,1139,12,675,0.000185701021355617
0.942200557103064,819,30,676,0.000464252553389044
0.947403024326101,609,5,677,7.73754255648406e-05
0.593959731543624,1758,14,678,0.000216651191581554
0.0388841927303466,1271,22,679,0.000340451872485299
0.898220640569395,978,11,680,0.000170225936242649
0.717524509803922,726,21,681,0.000324976787372331
0.917085427135678,1197,29,682,0.000448777468276076
0.768065268065268,1410,36,683,0.000557103064066852
0.749720670391062,1426,17,684,0.000263076446920458
0.180547112462006,576,2,685,3.09501702259362e-05
0.377846153846154,2326,85,686,0.00131538223460229
0.804385458742066,1280,11,687,0.000170225936242649
0.596142254370102,2238,41,688,0.000634478489631693
0.829047949965254,346,19,689,0.000294026617146394
0.0731570061902082,3127,114,690,0.00176415970287837
0.825810185185185,1431,16,691,0.00024760136180749
0.679220779220779,1992,79,692,0.00122253172392448
0.790419161676647,2050,26,693,0.000402352212937171
0.953703703703704,666,11,694,0.000170225936242649
0.92387768379961,289,4,695,6.19003404518725e-05
0.782864617396992,770,18,696,0.000278551532033426
0.900468384074942,1355,9,697,0.000139275766016713
0.773158278628738,1435,6,698,9.28505106778087e-05
0.700365408038977,2737,69,699,0.0010677808727948
0.891168599464764,1030,10,700,0.000154750851129681
0.261875,2859,87,701,0.00134633240482823
0.991775188485264,543,7,702,0.000108325595790777
0.811379097093383,1284,5,703,7.73754255648406e-05
0.859925093632959,491,16,704,0.00024760136180749
0.858870967741936,389,11,705,0.000170225936242649
0.0979591836734694,1070,12,706,0.000185701021355617
0.290201005025126,734,10,707,0.000154750851129681
0.783485045513654,1684,18,708,0.000278551532033426
0.893674293405115,1797,19,709,0.000294026617146394
0.914675767918089,1603,40,710,0.000619003404518725
0.663798808735936,1557,26,711,0.000402352212937171
0.759450171821306,1581,31,712,0.000479727638502012
0.896182183523108,217,2,713,3.09501702259362e-05
0.177379172894868,1320,9,714,0.000139275766016713
0.863242161440961,1072,10,715,0.000154750851129681
0.598522167487685,2764,143,716,0.00221293717115444
0.790683229813665,993,40,717,0.000619003404518725
0.663003663003663,1199,37,718,0.000572578149179821
0.877903513996427,1859,17,719,0.000263076446920458
0.637086903304774,1334,13,720,0.000201176106468586
0.938496583143508,2264,40,721,0.000619003404518725
0.70048309178744,868,9,722,0.000139275766016713
0.620836286321758,1370,23,723,0.000355926957598267
0.855769230769231,1884,76,724,0.00117610646858558
0.849190938511327,1495,39,725,0.000603528319405757
0.839838492597577,1109,25,726,0.000386877127824203
0.965376782077393,1231,8,727,0.000123800680903745
0.872541879096868,402,21,728,0.000324976787372331
0.662556781310837,752,13,729,0.000201176106468586
0.249120750293083,5153,106,730,0.00164035902197462
0.905612244897959,1488,8,731,0.000123800680903745
0.75650433622415,826,11,732,0.000170225936242649
0.714805825242718,859,14,733,0.000216651191581554
0.833209785025945,703,29,734,0.000448777468276076
0.907203907203907,386,4,735,6.19003404518725e-05
0.786175710594315,2096,30,736,0.000464252553389044
0.925059952038369,1038,11,737,0.000170225936242649
0.482374768089054,4571,166,738,0.00256886412875271
0.555555555555556,870,20,739,0.000309501702259362
0.655258245177349,482,8,740,0.000123800680903745
0.792811839323467,412,4,741,6.19003404518725e-05
0.215428571428571,3075,107,742,0.00165583410708759
0.858199753390876,985,31,743,0.000479727638502012
0.839617332583005,1842,27,744,0.000417827298050139
0.935593220338983,359,5,745,7.73754255648406e-05
0.943805874840358,715,6,746,9.28505106778087e-05
0.962529274004684,860,26,747,0.000402352212937171
0.905491698595147,1214,15,748,0.000232126276694522
0.894736842105263,1207,29,749,0.000448777468276076
0.817848410757946,1044,20,750,0.000309501702259362
0.822102425876011,390,35,751,0.000541627978953884
0.323514474352463,3001,107,752,0.00165583410708759
0.834273624823695,806,27,753,0.000417827298050139
0.861290322580645,850,19,754,0.000294026617146394
0.70076726342711,833,11,755,0.000170225936242649
0.785175017158545,593,24,756,0.000371402042711235
0.958153846153846,386,8,757,0.000123800680903745
0.469506292352372,1061,37,758,0.000572578149179821
0.781211372064277,791,14,759,0.000216651191581554
0.671232876712329,1817,35,760,0.000541627978953884
0.84375,1383,33,761,0.000510677808727948
0.912797992471769,1223,23,762,0.000355926957598267
0.952506596306069,2063,45,763,0.000696378830083565
0.202586206896552,1440,21,764,0.000324976787372331
0.772283669486012,1349,16,765,0.00024760136180749
0.938011695906433,1385,13,766,0.000201176106468586
0.114430665163472,499,13,767,0.000201176106468586
0.83239938869078,1497,9,768,0.000139275766016713
0.465189873417722,1216,45,769,0.000696378830083565
0.952718676122931,515,8,770,0.000123800680903745
0.973738769868694,467,15,771,0.000232126276694522
0.963310580204778,820,14,772,0.000216651191581554
0.174931129476584,303,16,773,0.00024760136180749
0.656401231852178,2052,66,774,0.0010213556174559
0.870244565217391,712,4,775,6.19003404518725e-05
0.941601049868766,301,3,776,4.64252553389044e-05
0.648173207036536,1167,6,777,9.28505106778087e-05
0.910745742806812,1510,8,778,0.000123800680903745
0.672120830711139,1380,23,779,0.000355926957598267
0.856478405315615,1162,7,780,0.000108325595790777
0.539106145251397,1334,13,781,0.000201176106468586
0.972297297297297,816,21,782,0.000324976787372331
0.763754045307443,1035,5,783,7.73754255648406e-05
0.910220994475138,1444,29,784,0.000448777468276076
0.726689976689977,795,22,785,0.000340451872485299
0.793829947328819,1420,34,786,0.000526152893840916
0.452762923351159,1919,59,787,0.000913030021665119
0.922354414527238,1129,12,788,0.000185701021355617
0.873383253914227,761,8,789,0.000123800680903745
0.799863852961198,1496,28,790,0.000433302383163107
0.439630681818182,1596,41,791,0.000634478489631693
0.810849393290507,717,31,792,0.000479727638502012
0.642118863049096,979,22,793,0.000340451872485299
0.722915298752462,1692,101,794,0.00156298359640978
0.429256594724221,1910,45,795,0.000696378830083565
0.862694300518135,437,14,796,0.000216651191581554
0.793124246079614,1975,23,797,0.000355926957598267
0.870036101083033,375,23,798,0.000355926957598267
0.177548682703322,1611,35,799,0.000541627978953884
0.760082023239918,1217,3,800,4.64252553389044e-05
0.547227300426569,896,15,801,0.000232126276694522
0.592142188961646,4812,175,802,0.00270813989476942
0.959509202453988,575,18,803,0.000278551532033426
0.491895261845387,1338,34,804,0.000526152893840916
0.549848942598187,1062,20,805,0.000309501702259362
0.696119402985075,1987,40,806,0.000619003404518725
0.936257710760795,483,6,807,9.28505106778087e-05
0.700922266139657,627,5,808,7.73754255648406e-05
0.0954003407155026,2653,144,809,0.00222841225626741
0.762952448545067,654,22,810,0.000340451872485299
0.978334461746784,1013,2,811,3.09501702259362e-05
0.902826855123675,258,14,812,0.000216651191581554
0.216888374783112,1372,17,813,0.000263076446920458
0.578328981723238,483,6,814,9.28505106778087e-05
0.250285062713797,1070,77,815,0.00119158155369855
0.963130659767141,591,3,816,4.64252553389044e-05
0.566037735849057,1475,55,817,0.000851129681213247
0.803056027164686,824,12,818,0.000185701021355617
0.689269256089533,1102,39,819,0.000603528319405757
0.40036563071298,1272,31,820,0.000479727638502012
0.885143570536829,2461,22,821,0.000340451872485299
0.198449612403101,1744,18,822,0.000278551532033426
0.807385952208545,493,24,823,0.000371402042711235
0.85296574770259,434,4,824,6.19003404518725e-05
0.703825857519789,896,18,825,0.000278551532033426
0.838225255972696,654,75,826,0.00116063138347261
0.964335664335664,798,19,827,0.000294026617146394
0.875675675675676,615,2,828,3.09501702259362e-05
0.958136394328157,637,3,829,4.64252553389044e-05
0.67455102934735,1856,35,830,0.000541627978953884
0.929191716766867,272,8,831,0.000123800680903745
0.723905723905724,387,1,832,1.54750851129681e-05
0.909209666884389,958,8,833,0.000123800680903745
0.137818419333769,1928,88,834,0.00136180748994119
0.959469992205768,294,2,835,3.09501702259362e-05
0.179358086847074,683,65,836,0.00100588053234293
0.735248447204969,268,8,837,0.000123800680903745
0.687280393534786,713,9,838,0.000139275766016713
0.796035805626599,3612,64,839,0.00099040544722996
0.481954469739034,2165,28,840,0.000433302383163107
0.133272892112421,1376,108,841,0.00167130919220056
0.435351089588378,5833,286,842,0.00442587434230888
0.872198667474258,1338,24,843,0.000371402042711235
0.754728492983527,1135,19,844,0.000294026617146394
0.858642407277817,1148,31,845,0.000479727638502012
0.673583847448121,1227,11,846,0.000170225936242649
0.94273127753304,864,37,847,0.000572578149179821
0.864897466827503,1254,16,848,0.00024760136180749
0.7500867754252,1211,12,849,0.000185701021355617
0.804925469863902,2719,54,850,0.000835654596100279
0.913403614457831,822,24,851,0.000371402042711235
0.851040525739321,492,7,852,0.000108325595790777
0.902420574886536,418,6,853,9.28505106778087e-05
0.49591280653951,2722,32,854,0.00049520272361498
0.731396534148828,6180,142,855,0.00219746208604147
0.901683501683502,735,25,856,0.000386877127824203
0.330671989354624,2848,82,857,0.00126895697926339
0.721231766612642,661,14,858,0.000216651191581554
0.773853452820243,1403,21,859,0.000324976787372331
0.659074733096086,1709,34,860,0.000526152893840916
0.889870836165874,1331,21,861,0.000324976787372331
0.655243317340644,1403,26,862,0.000402352212937171
0.897264843228819,579,18,863,0.000278551532033426
0.911764705882353,1526,24,864,0.000371402042711235
0.901062045835662,1174,8,865,0.000123800680903745
0.841246290801187,883,17,866,0.000263076446920458
0.856223175965665,932,8,867,0.000123800680903745
0.888808139534884,320,9,868,0.000139275766016713
0.814432989690722,916,17,869,0.000263076446920458
0.916218293620292,355,3,870,4.64252553389044e-05
0.913924050632911,427,35,871,0.000541627978953884
0.472598323662153,1084,22,872,0.000340451872485299
0.353971962616822,1740,53,873,0.00082017951098731
0.968643490115883,875,5,874,7.73754255648406e-05
0.335543278084715,4098,115,875,0.00177963478799133
0.595846645367412,3719,69,876,0.0010677808727948
0.910771191841938,320,8,877,0.000123800680903745
0.539817974971559,1831,61,878,0.000943980191891055
0.826299694189603,1534,42,879,0.000649953574744661
0.918529199711608,1137,24,880,0.000371402042711235
0.885049833887043,597,17,881,0.000263076446920458
0.845188284518829,782,16,882,0.00024760136180749
0.512983571807101,1344,34,883,0.000526152893840916
0.872611464968153,941,26,884,0.000402352212937171
0.777716794731065,1193,48,885,0.00074280408542247
0.958171959721146,1616,45,886,0.000696378830083565
0.942480942480942,635,5,887,7.73754255648406e-05
0.111059262715819,2207,65,888,0.00100588053234293
0.0736596736596737,1042,62,889,0.000959455277004024
0.511013215859031,1638,63,890,0.000974930362116992
0.907297830374753,1070,6,891,9.28505106778087e-05
0.264128494943486,627,35,892,0.000541627978953884
0.866025641025641,1102,11,893,0.000170225936242649
0.697241821680565,1262,109,894,0.00168678427731353
0.899256254225828,2214,53,895,0.00082017951098731
0.897100625355316,1131,9,896,0.000139275766016713
0.865343727852587,1058,11,897,0.000170225936242649
0.825529185375241,493,28,898,0.000433302383163107
0.866222760290557,1692,12,899,0.000185701021355617
0.738629083920564,1424,20,900,0.000309501702259362
0.831059129304743,1165,17,901,0.000263076446920458
0.939722724532851,748,13,902,0.000201176106468586
0.170157819225251,1795,52,903,0.000804704425874342
0.474411047928513,1097,28,904,0.000433302383163107
0.691673894189072,2591,90,905,0.00139275766016713
0.902230971128609,810,10,906,0.000154750851129681
0.88476821192053,1776,14,907,0.000216651191581554
0.973980309423347,750,25,908,0.000386877127824203
0.466810577441986,2247,67,909,0.00103683070256886
0.979909267660402,1325,17,910,0.000263076446920458
0.874923359901901,644,22,911,0.000340451872485299
0.742709008425146,1151,22,912,0.000340451872485299
0.302027748132337,1859,184,913,0.00284741566078613
0.195051783659379,1461,52,914,0.000804704425874342
0.239316239316239,2134,172,915,0.00266171463943052
0.959537572254335,1014,1,916,1.54750851129681e-05
0.256443861948449,2765,98,917,0.00151655834107088
0.856753069577081,1455,21,918,0.000324976787372331
0.873547505126453,1364,14,919,0.000216651191581554
0.911686938127975,1632,35,920,0.000541627978953884
0.73094867807154,2823,31,921,0.000479727638502012
0.0726361928616155,1223,31,922,0.000479727638502012
0.906044284859366,960,7,923,0.000108325595790777
0.891610532761788,742,8,924,0.000123800680903745
0.565442020665901,1446,41,925,0.000634478489631693
0.91047503045067,245,3,926,4.64252553389044e-05
0.726018808777429,904,17,927,0.000263076446920458
0.961566888396157,678,6,928,9.28505106778087e-05
0.938527519656898,1442,6,929,9.28505106778087e-05
0.412381951731375,2795,123,930,0.00190343546889508
0.894865525672372,1527,13,931,0.000201176106468586
0.879615384615385,3410,17,932,0.000263076446920458
0.39595192915876,3002,68,933,0.00105230578768183
0.923314780457638,1740,43,934,0.000665428659857629
0.91497975708502,6022,114,935,0.00176415970287837
0.861150070126227,1307,7,936,0.000108325595790777
0.718204488778055,7871,332,937,0.00513772825750542
0.246468401486989,2161,56,938,0.000866604766326215
0.762175838077166,955,21,939,0.000324976787372331
0.957336780866193,1588,46,940,0.000711853915196534
0.770526315789474,938,31,941,0.000479727638502012
0.415593220338983,693,36,942,0.000557103064066852
0.370214556163231,5276,119,943,0.00184153512844321
0.541053921568627,571,12,944,0.000185701021355617
0.874251497005988,1740,24,945,0.000371402042711235
0.58364312267658,1566,32,946,0.00049520272361498
0.901315789473684,1758,102,947,0.00157845868152275
0.749857224443175,2932,19,948,0.000294026617146394
0.941820276497696,1147,32,949,0.00049520272361498
0.461034708578913,1026,32,950,0.00049520272361498
0.608085345311623,1482,20,951,0.000309501702259362
0.622161046111494,843,18,952,0.000278551532033426
0.869795609386828,997,9,953,0.000139275766016713
0.938697318007663,531,7,954,0.000108325595790777
0.624561403508772,2044,90,955,0.00139275766016713
0.953379953379953,1563,16,956,0.00024760136180749
0.847549909255898,1177,4,957,6.19003404518725e-05
0.900841346153846,1708,39,958,0.000603528319405757
0.72962962962963,1363,27,959,0.000417827298050139
0.964397251717676,880,17,960,0.000263076446920458
0.695009242144178,1462,51,961,0.000789229340761374
0.749655172413793,665,9,962,0.000139275766016713
0.861815754339119,1001,31,963,0.000479727638502012
0.870593915982617,795,5,964,7.73754255648406e-05
0.82635094110504,1421,18,965,0.000278551532033426
0.736806947227789,884,12,966,0.000185701021355617
0.940011318619128,1012,29,967,0.000448777468276076
0.893081761006289,847,16,968,0.00024760136180749
0.690643274853801,1815,17,969,0.000263076446920458
0.845347313237222,701,10,970,0.000154750851129681
0.847811447811448,642,20,971,0.000309501702259362
0.754249291784703,928,19,972,0.000294026617146394
0.925141242937853,1082,21,973,0.000324976787372331
0.97761685319289,790,8,974,0.000123800680903745
0.586551264980027,962,45,975,0.000696378830083565
0.720046756282876,3082,46,976,0.000711853915196534
0.897684437264405,1212,11,977,0.000170225936242649
0.557061652820289,4254,111,978,0.00171773444753946
0.880606443461782,921,31,979,0.000479727638502012
0.71437461107654,1453,17,980,0.000263076446920458
0.943900848010437,657,9,981,0.000139275766016713
0.932590233545648,2508,57,982,0.000882079851439183
0.652777777777778,1578,15,983,0.000232126276694522
0.945573294629898,333,9,984,0.000139275766016713
0.851571594877765,2116,26,985,0.000402352212937171
0.409728718428438,801,15,986,0.000232126276694522
0.682510664229129,1828,67,987,0.00103683070256886
0.843589743589744,928,18,988,0.000278551532033426
0.753063725490196,511,9,989,0.000139275766016713
0.822826086956522,2039,60,990,0.000928505106778087
0.187239944521498,1016,62,991,0.000959455277004024
0.886333771353482,953,29,992,0.000448777468276076
0.49644128113879,1785,63,993,0.000974930362116992
0.425995236474992,7002,1056,994,0.0163416898792943
0.838367346938776,1231,42,995,0.000649953574744661
0.820131030375223,1377,12,996,0.000185701021355617
0.641253507951356,2659,62,997,0.000959455277004024
0.0688194812069878,359,17,998,0.000263076446920458
0.894853348090758,2020,32,999,0.00049520272361498
0.830566685746995,1576,33,1000,0.000510677808727948
0.798636601992659,1202,16,1001,0.00024760136180749
0.429242513211979,826,36,1002,0.000557103064066852
0.612700628053036,1096,8,1003,0.000123800680903745
0.714919578480311,2498,114,1004,0.00176415970287837
0.867067468269873,545,7,1005,0.000108325595790777
0.495709570957096,1492,26,1006,0.000402352212937171
0.908424908424908,506,2,1007,3.09501702259362e-05
0.0908584169453735,1748,86,1008,0.00133085731971526
0.608360836083608,1411,45,1009,0.000696378830083565
0.178970917225951,1540,32,1010,0.00049520272361498
0.897629853756934,5312,162,1011,0.00250696378830084
0.732620320855615,2689,49,1012,0.000758279170535438
0.980077120822622,375,6,1013,9.28505106778087e-05
0.927877947295423,1143,20,1014,0.000309501702259362
0.0363768643142961,1300,37,1015,0.000572578149179821
0.0761185357350378,921,57,1016,0.000882079851439183
0.915354330708661,1130,25,1017,0.000386877127824203
0.133922501699524,2454,47,1018,0.000727329000309502
0.82810615199035,613,25,1019,0.000386877127824203
0.270402611534276,1994,103,1020,0.00159393376663572
0.902898550724638,798,29,1021,0.000448777468276076
0.885670731707317,1088,37,1022,0.000572578149179821
0.97349709114415,438,5,1023,7.73754255648406e-05
0.866136919315403,968,30,1024,0.000464252553389044
0.0625386996904025,1234,62,1025,0.000959455277004024
0.747051114023591,1375,20,1026,0.000309501702259362
0.900417412045319,1122,22,1027,0.000340451872485299
0.289351851851852,3617,256,1028,0.00396162178891984
0.746064339493498,1194,13,1029,0.000201176106468586
0.966253443526171,249,3,1030,4.64252553389044e-05
0.786159954622802,2077,39,1031,0.000603528319405757
0.822316234796404,782,22,1032,0.000340451872485299
0.900740740740741,603,35,1033,0.000541627978953884
0.957765667574932,835,9,1034,0.000139275766016713
0.719101123595506,984,21,1035,0.000324976787372331
0.721674876847291,550,2,1036,3.09501702259362e-05
0.856540084388186,389,27,1037,0.000417827298050139
0.590241034685479,1267,22,1038,0.000340451872485299
0.200916230366492,746,22,1039,0.000340451872485299
0.494318181818182,746,23,1040,0.000355926957598267
0.750619322873658,417,11,1041,0.000170225936242649
0.956798866855524,1138,11,1042,0.000170225936242649
0.921212121212121,964,8,1043,0.000123800680903745
0.955722070844687,948,21,1044,0.000324976787372331
0.968363136176066,635,17,1045,0.000263076446920458
0.1002849002849,2686,69,1046,0.0010677808727948
0.341772151898734,1477,45,1047,0.000696378830083565
0.802448525319978,4559,88,1048,0.00136180748994119
0.766276041666667,2369,41,1049,0.000634478489631693
0.490634441087613,2796,79,1050,0.00122253172392448
0.612921348314607,2304,81,1051,0.00125348189415042
0.888888888888889,604,20,1052,0.000309501702259362
0.171119954519613,1581,83,1053,0.00128443206437635
0.77700904736562,1260,23,1054,0.000355926957598267
0.958333333333333,394,7,1055,0.000108325595790777
0.180175246440307,2000,34,1056,0.000526152893840916
0.968387096774194,1100,6,1057,9.28505106778087e-05
0.696502667457024,703,10,1058,0.000154750851129681
0.747271682940839,1975,51,1059,0.000789229340761374
0.199596774193548,1215,51,1060,0.000789229340761374
0.587483176312248,1441,32,1061,0.00049520272361498
0.895084372707263,1374,18,1062,0.000278551532033426
0.970139771283355,1347,24,1063,0.000371402042711235
0.210706150341686,834,33,1064,0.000510677808727948
0.67815344603381,829,10,1065,0.000154750851129681
0.697470314919979,2317,31,1066,0.000479727638502012
0.585721223895095,5482,287,1067,0.00444134942742185
0.713733075435203,1019,11,1068,0.000170225936242649
0.892576946288473,706,5,1069,7.73754255648406e-05
0.910484365419988,453,15,1070,0.000232126276694522
0.691176470588235,870,41,1071,0.000634478489631693
0.656670746634027,773,38,1072,0.000588053234292789
0.936974789915966,621,23,1073,0.000355926957598267
0.912844036697248,2244,94,1074,0.001454658000619
0.225523295070898,2149,105,1075,0.00162488393686165
0.0719424460431655,1242,38,1076,0.000588053234292789
0.826086956521739,2483,28,1077,0.000433302383163107
0.548726953467954,1284,64,1078,0.00099040544722996
0.923705722070845,1683,28,1079,0.000433302383163107
0.833512352309345,2503,59,1080,0.000913030021665119
0.92245153220763,1183,7,1081,0.000108325595790777
0.651918976545842,1565,28,1082,0.000433302383163107
0.596235579842137,515,2,1083,3.09501702259362e-05
0.758179231863442,1228,14,1084,0.000216651191581554
0.855776892430279,1652,15,1085,0.000232126276694522
0.599538816295158,727,29,1086,0.000448777468276076
0.908355795148248,630,3,1087,4.64252553389044e-05
0.0720309205903022,1700,71,1088,0.00109873104302074
0.796587926509186,1336,30,1089,0.000464252553389044
0.91606080634501,520,12,1090,0.000185701021355617
0.825040128410915,604,14,1091,0.000216651191581554
0.957514267596703,802,14,1092,0.000216651191581554
0.954866008462623,1574,20,1093,0.000309501702259362
0.978378378378378,941,23,1094,0.000355926957598267
0.614187927815806,2064,70,1095,0.00108325595790777
0.200772200772201,1556,34,1096,0.000526152893840916
0.950527704485488,385,2,1097,3.09501702259362e-05
0.498787878787879,1500,31,1098,0.000479727638502012
0.506493506493507,4003,187,1099,0.00289384091612504
0.869807811531308,657,8,1100,0.000123800680903745
0.827833572453372,1050,23,1101,0.000355926957598267
0.0980735551663748,1390,64,1102,0.00099040544722996
0.91437802907916,1038,4,1103,6.19003404518725e-05
0.925161290322581,1073,8,1104,0.000123800680903745
0.834002677376171,650,7,1105,0.000108325595790777
0.829912023460411,589,8,1106,0.000123800680903745
0.806506849315069,1280,17,1107,0.000263076446920458
0.687938288920056,990,17,1108,0.000263076446920458
0.749019607843137,1283,4,1109,6.19003404518725e-05
0.696487740225315,1155,20,1110,0.000309501702259362
0.9157413455258,566,2,1111,3.09501702259362e-05
0.549586776859504,2346,82,1112,0.00126895697926339
0.59914057704113,2406,25,1113,0.000386877127824203
0.946166394779772,363,2,1114,3.09501702259362e-05
0.862309644670051,781,3,1115,4.64252553389044e-05
0.173317450863609,1856,32,1116,0.00049520272361498
0.879021879021879,1036,15,1117,0.000232126276694522
0.951916829109812,1418,14,1118,0.000216651191581554
0.893236074270557,819,19,1119,0.000294026617146394
0.169136878814298,1099,33,1120,0.000510677808727948
0.936430317848411,905,8,1121,0.000123800680903745
0.925724637681159,1921,15,1122,0.000232126276694522
0.950871632329635,737,12,1123,0.000185701021355617
0.960291197882197,533,2,1124,3.09501702259362e-05
0.745734727572922,1427,18,1125,0.000278551532033426
0.670761670761671,1802,22,1126,0.000340451872485299
0.935111751982696,2159,37,1127,0.000572578149179821
0.679727427597956,2317,28,1128,0.000433302383163107
0.73202614379085,1006,18,1129,0.000278551532033426
0.844967880085653,3560,68,1130,0.00105230578768183
0.732394366197183,1681,17,1131,0.000263076446920458
0.843971631205674,1315,17,1132,0.000263076446920458
0.0841300191204589,965,49,1133,0.000758279170535438
0.847867600254615,1455,4,1134,6.19003404518725e-05
0.897763578274761,1456,19,1135,0.000294026617146394
0.567016317016317,2279,31,1136,0.000479727638502012
0.673662119622246,965,20,1137,0.000309501702259362
0.927370544720915,733,14,1138,0.000216651191581554
0.938,534,4,1139,6.19003404518725e-05
0.917669411019633,1539,32,1140,0.00049520272361498
0.170574443141852,1590,67,1141,0.00103683070256886
0.310771041789288,1387,34,1142,0.000526152893840916
0.938557993730407,808,4,1143,6.19003404518725e-05
0.360939431396786,1806,32,1144,0.00049520272361498
0.827792915531335,2565,46,1145,0.000711853915196534
0.897946084724005,604,5,1146,7.73754255648406e-05
0.912353347135956,341,10,1147,0.000154750851129681
0.442156862745098,28816,2191,1148,0.0339059114825132
0.638958858102435,92,18,1149,0.000278551532033426
0.585522475189726,2241,50,1150,0.000773754255648406
0.946243969676086,836,1,1151,1.54750851129681e-05
0.896437994722955,1928,46,1152,0.000711853915196534
0.603326935380678,870,19,1153,0.000294026617146394
0.764091858037578,669,17,1154,0.000263076446920458
0.823977823977824,858,15,1155,0.000232126276694522
0.780519480519481,2326,15,1156,0.000232126276694522
0.378501628664495,1269,57,1157,0.000882079851439183
0.712927756653992,890,9,1158,0.000139275766016713
0.79340937896071,587,12,1159,0.000185701021355617
0.84375,1706,81,1160,0.00125348189415042
0.478729438457175,1647,21,1161,0.000324976787372331
0.665083135391924,2937,93,1162,0.00143918291550604
0.622050816696915,1601,31,1163,0.000479727638502012
0.928571428571429,784,17,1164,0.000263076446920458
0.689369828134946,1467,50,1165,0.000773754255648406
0.501526717557252,3660,35,1166,0.000541627978953884
0.22929542645241,748,18,1167,0.000278551532033426
0.972099853157122,554,8,1168,0.000123800680903745
0.936181719848567,2361,34,1169,0.000526152893840916
0.273881499395405,1350,43,1170,0.000665428659857629
0.863247863247863,1846,21,1171,0.000324976787372331
0.905697445972495,1030,31,1172,0.000479727638502012
0.60266049739734,1045,22,1173,0.000340451872485299
0.822521419828641,1306,41,1174,0.000634478489631693
0.926361386138614,468,3,1175,4.64252553389044e-05
0.866553336166596,2572,51,1176,0.000789229340761374
0.917914586799778,1988,49,1177,0.000758279170535438
0.859483301827347,2586,35,1178,0.000541627978953884
0.89880059970015,1292,30,1179,0.000464252553389044
0.951035781544256,544,9,1180,0.000139275766016713
0.80058651026393,358,12,1181,0.000185701021355617
0.908684546615581,1036,16,1182,0.00024760136180749
0.766158315177923,1586,31,1183,0.000479727638502012
0.776729559748428,656,23,1184,0.000355926957598267
0.735370611183355,696,11,1185,0.000170225936242649
0.185487528344671,1362,23,1186,0.000355926957598267
0.0858524788391778,836,22,1187,0.000340451872485299
0.861304623179228,882,13,1188,0.000201176106468586
0.967434471803018,700,15,1189,0.000232126276694522
0.114825581395349,1283,24,1190,0.000371402042711235
0.555099948744234,8719,108,1191,0.00167130919220056
0.749088699878493,868,23,1192,0.000355926957598267
0.319845857418112,5700,218,1193,0.00337356855462705
0.851198871650212,2140,63,1194,0.000974930362116992
0.9775,340,16,1195,0.00024760136180749
0.491564863292612,1709,31,1196,0.000479727638502012
0.944405837387074,478,1,1197,1.54750851129681e-05
0.899147727272727,1566,20,1198,0.000309501702259362
0.788669637173775,1332,34,1199,0.000526152893840916
0.788167938931298,765,6,1200,9.28505106778087e-05
0.800714285714286,639,5,1201,7.73754255648406e-05
0.0848314606741573,1138,20,1202,0.000309501702259362
0.936519258202568,914,20,1203,0.000309501702259362
0.406730065837601,786,33,1204,0.000510677808727948
0.828755113968439,1189,58,1205,0.000897554936552151
0.784493284493285,489,2,1206,3.09501702259362e-05
0.93993993993994,885,13,1207,0.000201176106468586
0.88345650938033,499,18,1208,0.000278551532033426
0.387813211845103,983,29,1209,0.000448777468276076
0.933160285528877,481,7,1210,0.000108325595790777
0.896599583622484,459,5,1211,7.73754255648406e-05
0.891004596191727,480,8,1212,0.000123800680903745
0.712287104622871,1584,104,1213,0.00160940885174868
0.729491173416407,3101,48,1214,0.00074280408542247
0.820418204182042,2200,15,1215,0.000232126276694522
0.738592420726992,2298,30,1216,0.000464252553389044
0.834640917320459,826,2,1217,3.09501702259362e-05
0.942798070296347,794,13,1218,0.000201176106468586
0.92846034214619,1164,11,1219,0.000170225936242649
0.87035633055345,739,7,1220,0.000108325595790777
0.966916354556804,1378,16,1221,0.00024760136180749
0.319148936170213,1639,66,1222,0.0010213556174559
0.545627376425856,1105,59,1223,0.000913030021665119
0.674237895995218,1921,63,1224,0.000974930362116992
0.721432632177374,1265,20,1225,0.000309501702259362
0.441475146980225,2351,53,1226,0.00082017951098731
0.949101796407186,891,8,1227,0.000123800680903745
0.90547520661157,1680,62,1228,0.000959455277004024
0.978275627970129,490,4,1229,6.19003404518725e-05
0.722379603399434,2058,84,1230,0.00129990714948932
0.771210013908206,862,12,1231,0.000185701021355617
0.497491039426523,2090,50,1232,0.000773754255648406
0.227201667535175,949,95,1233,0.00147013308573197
0.948180135718692,3723,85,1234,0.00131538223460229
0.49238578680203,1750,14,1235,0.000216651191581554
0.761085373924553,995,18,1236,0.000278551532033426
0.799062683069713,634,19,1237,0.000294026617146394
0.743142144638404,1865,65,1238,0.00100588053234293
0.49185667752443,1190,18,1239,0.000278551532033426
0.903647625602202,1024,11,1240,0.000170225936242649
0.478491455509723,1318,27,1241,0.000417827298050139
0.932126696832579,1109,15,1242,0.000232126276694522
0.151876116736152,1634,31,1243,0.000479727638502012
0.0677118078719146,2677,144,1244,0.00222841225626741
0.417274256870443,2707,96,1245,0.00148560817084494
0.923592493297587,1643,21,1246,0.000324976787372331
0.84351914036266,826,13,1247,0.000201176106468586
0.214132762312634,1740,32,1248,0.00049520272361498
0.916772554002541,855,6,1249,9.28505106778087e-05
0.876923076923077,1516,39,1250,0.000603528319405757
0.837004405286344,1843,69,1251,0.0010677808727948
0.626123744050767,15711,952,1252,0.0147322810275457
0.371275783040489,2820,33,1253,0.000510677808727948
0.933561643835617,1064,31,1254,0.000479727638502012
0.254648342764753,1680,129,1255,0.00199628597957289
0.946272666218939,550,6,1256,9.28505106778087e-05
0.891573729863693,2085,25,1257,0.000386877127824203
0.52247191011236,780,9,1258,0.000139275766016713
0.886861313868613,1429,46,1259,0.000711853915196534
0.0418021365536461,1317,41,1260,0.000634478489631693
0.754247572815534,1378,50,1261,0.000773754255648406
0.830838323353293,986,18,1262,0.000278551532033426
0.921758569299553,985,5,1263,7.73754255648406e-05
0.369210697977821,1523,38,1264,0.000588053234292789
0.693899204244032,2923,29,1265,0.000448777468276076
0.849273607748184,934,29,1266,0.000448777468276076
0.350246652572234,2013,90,1267,0.00139275766016713
0.964505119453925,294,5,1268,7.73754255648406e-05
0.889088729016787,1112,14,1269,0.000216651191581554
0.0352733686067019,1008,40,1270,0.000619003404518725
0.0969230769230769,1051,44,1271,0.000680903744970597
0.235204855842185,702,11,1272,0.000170225936242649
0.839684625492773,1227,46,1273,0.000711853915196534
0.950354609929078,290,5,1274,7.73754255648406e-05
0.549865229110512,1324,23,1275,0.000355926957598267
0.785884597043395,1122,41,1276,0.000634478489631693
0.725795971410007,423,4,1277,6.19003404518725e-05
0.135437212360289,2369,70,1278,0.00108325595790777
0.141605839416058,1044,77,1279,0.00119158155369855
0.958308866705813,1281,10,1280,0.000154750851129681
0.879120879120879,1248,31,1281,0.000479727638502012
0.720517737296261,1287,10,1282,0.000154750851129681
0.73046357615894,1772,43,1283,0.000665428659857629
0.389846297158826,2957,142,1284,0.00219746208604147
0.897288414133114,282,5,1285,7.73754255648406e-05
0.86945658963148,670,8,1286,0.000123800680903745
0.956050955414013,944,13,1287,0.000201176106468586
0.773684210526316,1222,4,1288,6.19003404518725e-05
0.765822784810127,609,8,1289,0.000123800680903745
0.840209561231172,3247,12,1290,0.000185701021355617
0.772518080210388,962,18,1291,0.000278551532033426
0.592353257942919,845,4,1292,6.19003404518725e-05
0.810598111227702,1289,10,1293,0.000154750851129681
0.111042566317088,2530,100,1294,0.00154750851129681
0.882523148148148,473,6,1295,9.28505106778087e-05
0.935202492211838,527,3,1296,4.64252553389044e-05
0.895493141737427,1552,6,1297,9.28505106778087e-05
0.923270440251572,1450,10,1298,0.000154750851129681
0.666890080428954,1395,31,1299,0.000479727638502012
0.869170199878861,1511,34,1300,0.000526152893840916
0.935228023793787,683,32,1301,0.00049520272361498
0.887365911799762,1770,33,1302,0.000510677808727948
0.95389507154213,837,4,1303,6.19003404518725e-05
0.889870836165874,710,11,1304,0.000170225936242649
0.555350553505535,1110,39,1305,0.000603528319405757
0.866581956797967,1356,14,1306,0.000216651191581554
0.926121372031662,704,13,1307,0.000201176106468586
0.947303921568627,458,20,1308,0.000309501702259362
0.499314128943759,602,15,1309,0.000232126276694522
0.860660324566312,1294,16,1310,0.00024760136180749
0.911479944674965,364,12,1311,0.000185701021355617
0.787371134020619,2159,24,1312,0.000371402042711235
0.847883597883598,1590,30,1313,0.000464252553389044
0.866028708133971,1868,17,1314,0.000263076446920458
0.391757246376812,2594,89,1315,0.00137728257505416
0.77164056059357,2771,36,1316,0.000557103064066852
0.851424694708277,505,14,1317,0.000216651191581554
0.310539523212045,2854,62,1318,0.000959455277004024
0.885257301808067,1329,34,1319,0.000526152893840916
0.789473684210526,1170,23,1320,0.000355926957598267
0.997256515775034,395,4,1321,6.19003404518725e-05
0.972701149425287,623,3,1322,4.64252553389044e-05
0.962007168458781,510,4,1323,6.19003404518725e-05
0.751700680272109,1093,47,1324,0.000727329000309502
0.917485265225933,936,11,1325,0.000170225936242649
0.826618705035971,1474,26,1326,0.000402352212937171
0.906048906048906,1271,17,1327,0.000263076446920458
0.0708061002178649,1747,46,1328,0.000711853915196534
0.974042829331603,768,12,1329,0.000185701021355617
0.716340621403913,1801,24,1330,0.000371402042711235
0.676620538965768,1166,20,1331,0.000309501702259362
0.737997256515775,1207,11,1332,0.000170225936242649
0.601987142022209,1460,95,1333,0.00147013308573197
0.609836065573771,3261,135,1334,0.0020891364902507
0.927335640138408,1249,39,1335,0.000603528319405757
0.816556291390729,954,15,1336,0.000232126276694522
0.945358788676761,1160,27,1337,0.000417827298050139
0.6797583081571,4691,91,1338,0.0014082327452801
0.459070072036673,1413,11,1339,0.000170225936242649
0.724483775811209,2194,42,1340,0.000649953574744661
0.847272727272727,883,10,1341,0.000154750851129681
0.863880597014925,625,22,1342,0.000340451872485299
0.395348837209302,2508,32,1343,0.00049520272361498
0.847581179589132,662,20,1344,0.000309501702259362
0.905577029265599,1428,38,1345,0.000588053234292789
0.961923847695391,388,4,1346,6.19003404518725e-05
0.856353591160221,1386,34,1347,0.000526152893840916
0.824728260869565,644,22,1348,0.000340451872485299
0.855886332882273,727,15,1349,0.000232126276694522
0.136125654450262,2595,165,1350,0.00255338904363974
0.296692111959288,551,14,1351,0.000216651191581554
0.955668144395187,1164,27,1352,0.000417827298050139
0.85207100591716,1402,24,1353,0.000371402042711235
0.728048780487805,2067,22,1354,0.000340451872485299
0.771587743732591,728,24,1355,0.000371402042711235
0.335694822888283,2705,108,1356,0.00167130919220056
0.746518105849582,698,8,1357,0.000123800680903745
0.6331569664903,1382,43,1358,0.000665428659857629
0.909512761020882,1034,34,1359,0.000526152893840916
0.984547461368653,1457,12,1360,0.000185701021355617
0.671651937457512,533,11,1361,0.000170225936242649
0.783983849259758,598,18,1362,0.000278551532033426
0.856168629882207,855,13,1363,0.000201176106468586
0.43121387283237,998,30,1364,0.000464252553389044
0.753930817610063,738,10,1365,0.000154750851129681
0.932723709993468,595,15,1366,0.000232126276694522
0.855873015873016,1300,6,1367,9.28505106778087e-05
0.858866103739445,1451,5,1368,7.73754255648406e-05
0.936628643852979,1441,5,1369,7.73754255648406e-05
0.729651162790698,1035,46,1370,0.000711853915196534
0.9164265129683,1314,9,1371,0.000139275766016713
0.696524064171123,742,22,1372,0.000340451872485299
0.396237172177879,3629,134,1373,0.00207366140513773
0.739897552646557,932,26,1374,0.000402352212937171
0.836097184728114,2903,36,1375,0.000557103064066852
0.255563047875927,1406,24,1376,0.000371402042711235
0.847284345047923,2643,9,1377,0.000139275766016713
0.606779661016949,1252,18,1378,0.000278551532033426
0.114285714285714,620,22,1379,0.000340451872485299
0.880145278450363,635,7,1380,0.000108325595790777
0.125970149253731,2109,61,1381,0.000943980191891055
0.89247311827957,2219,34,1382,0.000526152893840916
0.960028551034975,383,5,1383,7.73754255648406e-05
0.978708303761533,571,8,1384,0.000123800680903745
0.818401937046005,1319,18,1385,0.000278551532033426
0.846437346437346,1125,4,1386,6.19003404518725e-05
0.914131169709263,759,23,1387,0.000355926957598267
0.276255707762557,1648,29,1388,0.000448777468276076
0.913251366120219,571,14,1389,0.000216651191581554
0.544169611307421,400,31,1390,0.000479727638502012
0.92327530625403,723,15,1391,0.000232126276694522
0.770942408376963,1463,38,1392,0.000588053234292789
0.647959183673469,1165,30,1393,0.000464252553389044
0.784232365145228,2058,33,1394,0.000510677808727948
0.120095124851367,2633,50,1395,0.000773754255648406
0.840431266846361,1382,35,1396,0.000541627978953884
0.158684083212385,2496,38,1397,0.000588053234292789
0.0630740967544397,232,43,1398,0.000665428659857629
0.749514563106796,2480,69,1399,0.0010677808727948
0.855441256090958,752,12,1400,0.000185701021355617
0.824148606811146,1003,17,1401,0.000263076446920458
0.840909090909091,991,10,1402,0.000154750851129681
0.687589158345221,1514,26,1403,0.000402352212937171
0.890059249506254,319,3,1404,4.64252553389044e-05
0.568201193520887,1487,29,1405,0.000448777468276076
0.829310344827586,1633,8,1406,0.000123800680903745
0.0683192261185006,1762,29,1407,0.000448777468276076
0.83927454659162,1028,4,1408,6.19003404518725e-05
0.865771812080537,692,10,1409,0.000154750851129681
0.238623751387347,3307,54,1410,0.000835654596100279
0.95,689,19,1411,0.000294026617146394
0.942468619246862,794,21,1412,0.000324976787372331
0.521995708154507,3312,104,1413,0.00160940885174868
0.659143518518519,2307,31,1414,0.000479727638502012
0.866752081998719,1280,14,1415,0.000216651191581554
0.772431729518856,2401,15,1416,0.000232126276694522
0.924515698062792,1009,18,1417,0.000278551532033426
0.789663461538462,430,8,1418,0.000123800680903745
0.743421052631579,409,9,1419,0.000139275766016713
0.507488986784141,1857,66,1420,0.0010213556174559
0.952813067150635,1758,34,1421,0.000526152893840916
0.943136128661689,524,17,1422,0.000263076446920458
0.876850605652759,1326,19,1423,0.000294026617146394
0.512542372881356,1140,34,1424,0.000526152893840916
0.903123008285532,1348,19,1425,0.000294026617146394
0.88625,1142,27,1426,0.000417827298050139
0.565046637211586,2362,92,1427,0.00142370783039307
0.848598130841122,2150,42,1428,0.000649953574744661
0.919169852539596,1736,16,1429,0.00024760136180749
0.799373040752351,471,3,1430,4.64252553389044e-05
0.558682952734997,1764,64,1431,0.00099040544722996
0.888463641334062,6387,252,1432,0.00389972144846797
0.821218074656189,849,9,1433,0.000139275766016713
0.508760951188986,2795,45,1434,0.000696378830083565
0.934203062960862,1883,33,1435,0.000510677808727948
0.972353337828726,841,14,1436,0.000216651191581554
0.358078602620087,1240,44,1437,0.000680903744970597
0.678194607268464,1449,6,1438,9.28505106778087e-05
0.67913148371532,1719,104,1439,0.00160940885174868
0.865,744,6,1440,9.28505106778087e-05
0.749079754601227,850,39,1441,0.000603528319405757
0.99064796259185,400,2,1442,3.09501702259362e-05
0.713068181818182,2644,29,1443,0.000448777468276076
0.595744680851064,1763,55,1444,0.000851129681213247
0.905099150141643,1153,3,1445,4.64252553389044e-05
0.580794701986755,1049,22,1446,0.000340451872485299
0.418716577540107,2279,52,1447,0.000804704425874342
0.963782696177062,452,1,1448,1.54750851129681e-05
0.465065502183406,1079,13,1449,0.000201176106468586
0.815930388219545,840,12,1450,0.000185701021355617
0.911274182788526,1237,15,1451,0.000232126276694522
0.954385964912281,816,19,1452,0.000294026617146394
0.847645429362881,1686,33,1453,0.000510677808727948
0.957781978575929,617,13,1454,0.000201176106468586
0.646794150731159,2659,99,1455,0.00153203342618384
0.749834546657842,1274,24,1456,0.000371402042711235
0.908327953518399,785,13,1457,0.000201176106468586
0.846508944027698,3601,50,1458,0.000773754255648406
0.430974477958237,1380,33,1459,0.000510677808727948
0.631989596879064,861,32,1460,0.00049520272361498
0.37575962187711,8805,525,1461,0.00812441968430826
0.375295508274232,1379,29,1462,0.000448777468276076
0.864797507788162,1881,24,1463,0.000371402042711235
0.916903409090909,537,9,1464,0.000139275766016713
0.859281437125748,2461,20,1465,0.000309501702259362
0.971910112359551,601,8,1466,0.000123800680903745
0.906428571428571,845,11,1467,0.000170225936242649
0.908927501497903,628,10,1468,0.000154750851129681
0.672146118721461,1616,33,1469,0.000510677808727948
0.971764705882353,664,23,1470,0.000355926957598267
0.66776750330251,1778,32,1471,0.00049520272361498
0.875816993464052,731,6,1472,9.28505106778087e-05
0.676162790697674,912,20,1473,0.000309501702259362
0.882352941176471,1837,83,1474,0.00128443206437635
0.926757235676314,1510,24,1475,0.000371402042711235
0.566976127320955,1084,34,1476,0.000526152893840916
0.297160243407708,1834,19,1477,0.000294026617146394
0.0375907731738573,1785,64,1478,0.00099040544722996
0.970443349753695,270,1,1479,1.54750851129681e-05
0.741504854368932,1426,37,1480,0.000572578149179821
0.984196663740123,658,7,1481,0.000108325595790777
0.904203997243281,1635,49,1482,0.000758279170535438
0.489809782608696,473,12,1483,0.000185701021355617
0.0904024767801858,1349,54,1484,0.000835654596100279
0.770224337185588,909,17,1485,0.000263076446920458
0.825968728755948,1495,16,1486,0.00024760136180749
0.826183844011142,1267,42,1487,0.000649953574744661
0.908517350157729,1739,29,1488,0.000448777468276076
0.588869565217391,3743,157,1489,0.002429588362736
0.863049095607235,1638,22,1490,0.000340451872485299
0.144122858830478,1372,30,1491,0.000464252553389044
0.8502331002331,1395,15,1492,0.000232126276694522
0.697767601602748,712,14,1493,0.000216651191581554
0.503952569169961,2281,173,1494,0.00267718972454349
0.908959537572254,704,23,1495,0.000355926957598267
0.871399866041527,1142,15,1496,0.000232126276694522
0.677785190126751,1448,12,1497,0.000185701021355617
0.965384615384615,1223,10,1498,0.000154750851129681
0.475,2579,40,1499,0.000619003404518725
0.915384615384615,959,10,1500,0.000154750851129681
0.651026392961877,400,4,1501,6.19003404518725e-05
0.686373467916366,680,13,1502,0.000201176106468586
0.888520238885202,940,34,1503,0.000526152893840916
0.978867924528302,508,8,1504,0.000123800680903745
0.4379760609358,4040,188,1505,0.00290931600123801
0.87871581450654,1785,13,1506,0.000201176106468586
0.800441014332966,3120,79,1507,0.00122253172392448
0.70843989769821,1575,24,1508,0.000371402042711235
0.058493353028065,1708,129,1509,0.00199628597957289
0.49,754,16,1510,0.00024760136180749
0.854439592430859,1385,38,1511,0.000588053234292789
0.765880217785844,1225,20,1512,0.000309501702259362
0.904269972451791,537,10,1513,0.000154750851129681
0.589784096893102,1142,35,1514,0.000541627978953884
0.122071516646116,1812,12,1515,0.000185701021355617
0.677900818488204,5996,207,1516,0.0032033426183844
0.585352112676056,2444,86,1517,0.00133085731971526
0.70105655686762,538,6,1518,9.28505106778087e-05
0.253068381063705,2391,57,1519,0.000882079851439183
0.937912813738441,1510,20,1520,0.000309501702259362
0.587185725871857,1264,13,1521,0.000201176106468586
0.959821428571429,1293,5,1522,7.73754255648406e-05
0.893772893772894,651,11,1523,0.000170225936242649
0.0820678513731826,1688,53,1524,0.00082017951098731
0.758169934640523,1223,23,1525,0.000355926957598267
0.842307692307692,395,3,1526,4.64252553389044e-05
0.723284589426322,1547,27,1527,0.000417827298050139
0.710545998504114,1724,22,1528,0.000340451872485299
0.643843498273878,3418,58,1529,0.000897554936552151
0.560538116591928,646,18,1530,0.000278551532033426
0.807523510971787,3340,101,1531,0.00156298359640978
0.605381165919282,2126,40,1532,0.000619003404518725
0.90045766590389,846,21,1533,0.000324976787372331
0.974458634092171,367,7,1534,0.000108325595790777
0.876310272536688,1244,54,1535,0.000835654596100279
0.905934343434343,746,49,1536,0.000758279170535438
0.908978328173375,1340,18,1537,0.000278551532033426
0.220387243735763,1015,15,1538,0.000232126276694522
0.699714693295293,477,4,1539,6.19003404518725e-05
0.863781031190325,1696,20,1540,0.000309501702259362
0.875527426160338,1060,8,1541,0.000123800680903745
0.356746765249538,1629,27,1542,0.000417827298050139
0.637579988365329,847,11,1543,0.000170225936242649
0.781929726715003,1951,26,1544,0.000402352212937171
0.80027266530334,456,13,1545,0.000201176106468586
0.704081632653061,1869,61,1546,0.000943980191891055
0.65910447761194,1406,29,1547,0.000448777468276076
0.948979591836735,347,13,1548,0.000201176106468586
0.952127659574468,1618,17,1549,0.000263076446920458
0.352482269503546,2416,46,1550,0.000711853915196534
0.871612903225806,1455,51,1551,0.000789229340761374
0.209696261682243,8253,256,1552,0.00396162178891984
0.899132321041215,1182,6,1553,9.28505106778087e-05
0.32573726541555,1581,26,1554,0.000402352212937171
0.564159292035398,2112,57,1555,0.000882079851439183
0.712220762155059,1402,28,1556,0.000433302383163107
0.922514619883041,1138,11,1557,0.000170225936242649
0.75716694772344,3388,64,1558,0.00099040544722996
0.898047722342733,1075,22,1559,0.000340451872485299
0.841880341880342,1251,16,1560,0.00024760136180749
0.961752433936022,423,1,1561,1.54750851129681e-05
0.482561826252378,2858,32,1562,0.00049520272361498
0.784,1498,22,1563,0.000340451872485299
0.234056541748849,946,16,1564,0.00024760136180749
0.5975,1186,15,1565,0.000232126276694522
0.812794612794613,1187,15,1566,0.000232126276694522
0.848348348348348,380,6,1567,9.28505106778087e-05
0.797796500324044,1326,20,1568,0.000309501702259362
0.831991411701557,459,15,1569,0.000232126276694522
0.570707070707071,1085,50,1570,0.000773754255648406
0.221689634511684,3746,100,1571,0.00154750851129681
0.908232118758434,766,9,1572,0.000139275766016713
0.831647398843931,1071,31,1573,0.000479727638502012
0.827395577395577,1512,47,1574,0.000727329000309502
0.935379644588045,382,1,1575,1.54750851129681e-05
0.883921568627451,729,14,1576,0.000216651191581554
0.851288830138797,481,1,1577,1.54750851129681e-05
0.864089775561097,1837,29,1578,0.000448777468276076
0.808390022675737,797,8,1579,0.000123800680903745
0.967796610169492,745,57,1580,0.000882079851439183
0.803813038130381,8297,496,1581,0.00767564221603219
0.818181818181818,1023,43,1582,0.000665428659857629
0.736043689320388,1173,6,1583,9.28505106778087e-05
0.912488605287147,1016,17,1584,0.000263076446920458
0.745994065281899,1959,21,1585,0.000324976787372331
0.701223063482819,1540,48,1586,0.00074280408542247
0.840026773761714,2031,21,1587,0.000324976787372331
0.917193426042984,904,9,1588,0.000139275766016713
0.758917589175892,1478,29,1589,0.000448777468276076
0.804767309875142,1384,24,1590,0.000371402042711235
0.372712146422629,10065,613,1591,0.00948622717424946
0.694781553398058,3059,73,1592,0.00112968121324667
0.919578114700066,575,6,1593,9.28505106778087e-05
0.914879792072774,1893,32,1594,0.00049520272361498
0.173513182096873,1247,32,1595,0.00049520272361498
0.613015688553167,1386,12,1596,0.000185701021355617
0.709812108559499,983,49,1597,0.000758279170535438
0.926791277258567,304,14,1598,0.000216651191581554
0.96135831381733,481,10,1599,0.000154750851129681
0.654320987654321,835,4,1600,6.19003404518725e-05
0.958214081282198,903,27,1601,0.000417827298050139
0.28419452887538,2439,230,1602,0.00355926957598267
0.833780160857909,1467,58,1603,0.000897554936552151
0.579345088161209,1261,23,1604,0.000355926957598267
0.709263015551048,1513,12,1605,0.000185701021355617
0.767868051313378,1212,55,1606,0.000851129681213247
0.975046210720887,463,13,1607,0.000201176106468586
0.0825942350332594,2122,61,1608,0.000943980191891055
0.948616600790514,1318,39,1609,0.000603528319405757
0.722456351595425,727,15,1610,0.000232126276694522
0.777257525083612,3459,62,1611,0.000959455277004024
0.406983400114482,2409,97,1612,0.00150108325595791
0.880175658720201,2414,84,1613,0.00129990714948932
0.846501128668172,1114,25,1614,0.000386877127824203
0.927053824362606,433,15,1615,0.000232126276694522
0.685657370517928,1467,25,1616,0.000386877127824203
0.803134796238244,2437,49,1617,0.000758279170535438
0.435123717561859,1942,43,1618,0.000665428659857629
0.159392789373814,1396,71,1619,0.00109873104302074
0.772466539196941,2029,30,1620,0.000464252553389044
0.864686468646865,731,28,1621,0.000433302383163107
0.81635581061693,2404,61,1622,0.000943980191891055
0.949848942598187,864,13,1623,0.000201176106468586
0.812386980108499,963,35,1624,0.000541627978953884
0.769368295589988,1335,24,1625,0.000371402042711235
0.488311688311688,2382,32,1626,0.00049520272361498
0.94634473507713,1068,8,1627,0.000123800680903745
0.81054036024016,1704,12,1628,0.000185701021355617
0.0335903083700441,572,56,1629,0.000866604766326215
0.941517386722866,1430,37,1630,0.000572578149179821
0.901536312849162,1132,24,1631,0.000371402042711235
0.891818796484111,2451,52,1632,0.000804704425874342
0.82,665,3,1633,4.64252553389044e-05
0.741492537313433,1271,23,1634,0.000355926957598267
0.94640522875817,357,5,1635,7.73754255648406e-05
0.764912280701755,1663,50,1636,0.000773754255648406
0.856739590684545,1342,3,1637,4.64252553389044e-05
0.958930899608866,759,5,1638,7.73754255648406e-05
0.970744680851064,1192,17,1639,0.000263076446920458
0.955509924709103,774,8,1640,0.000123800680903745
0.74756725815684,1369,5,1641,7.73754255648406e-05
0.816916488222698,693,3,1642,4.64252553389044e-05
0.804026050917703,602,3,1643,4.64252553389044e-05
0.521808088818398,1063,9,1644,0.000139275766016713
0.946264744429882,413,21,1645,0.000324976787372331
0.948405797101449,1825,20,1646,0.000309501702259362
0.425162689804772,1248,30,1647,0.000464252553389044
0.157817827569411,2736,87,1648,0.00134633240482823
0.727964489537096,1431,62,1649,0.000959455277004024
0.516522988505747,2110,48,1650,0.00074280408542247
0.941278065630397,1260,19,1651,0.000294026617146394
0.418469656992084,2054,49,1652,0.000758279170535438
0.518494055482166,711,29,1653,0.000448777468276076
0.563265306122449,1872,25,1654,0.000386877127824203
0.967015285599356,626,3,1655,4.64252553389044e-05
0.615023474178404,2226,13,1656,0.000201176106468586
0.356217616580311,2283,59,1657,0.000913030021665119
0.897300855826201,828,42,1658,0.000649953574744661
0.943213296398892,1329,32,1659,0.00049520272361498
0.73993993993994,1916,14,1660,0.000216651191581554
0.800778715120052,2156,41,1661,0.000634478489631693
0.879320800485143,318,11,1662,0.000170225936242649
0.963082901554404,822,7,1663,0.000108325595790777
0.287645687645688,2956,70,1664,0.00108325595790777
0.572178477690289,1458,6,1665,9.28505106778087e-05
0.717267552182163,650,15,1666,0.000232126276694522
