collar_id,sem_team,officer_gender,officer_ethnic_group,officer_age,officer_service,i,sem_year,sem_num,stops_asian,stops_black,stops_white,incidents_asian,incidents_black,incidents_white,asian,black,white
1,team9,Male,Asian,41.1928260486722,14.0294818542385,1,2014.1,1,3,2,8,11,12,53,91,41,191
1,team9,Male,Asian,41.6928260486722,14.5294818542385,2,2014.2,2,2,0,5,12,8,47,97,24,200
1,team9,Male,Asian,42.1928260486722,15.0294818542385,3,2015.1,3,1,1,4,13,5,43,81,32,213
1,team9,Male,Asian,42.6928260486722,15.5294818542385,4,2015.2,4,5,1,7,10,12,40,98,35,189
1,team9,Male,Asian,43.1928260486722,16.0294818542385,5,2016.1,5,1,3,3,7,8,30,82,31,201
1,team9,Male,Asian,43.6928260486722,16.5294818542385,6,2016.2,6,1,0,6,15,11,49,94,44,209
1,team9,Male,Asian,44.1928260486722,17.0294818542385,7,2017.1,7,3,3,7,14,12,47,81,30,219
1,team9,Male,Asian,44.6928260486722,17.5294818542385,8,2017.2,8,2,3,1,10,6,49,81,27,198
1,team9,Male,Asian,45.1928260486722,18.0294818542385,9,2018.1,9,7,2,5,11,6,41,102,29,197
2,team4,Male,White,26.3346958233571,11.7458913953022,10,2014.1,1,0,3,3,13,8,30,92,35,220
2,team4,Male,White,26.8346958233571,12.2458913953022,11,2014.2,2,9,4,7,10,10,51,77,22,190
2,team4,Male,White,27.3346958233571,12.7458913953022,12,2015.1,3,3,1,8,6,6,27,89,39,190
2,team4,Male,White,27.8346958233571,13.2458913953022,13,2015.2,4,1,2,4,9,7,48,82,27,194
2,team4,Male,White,28.3346958233571,13.7458913953022,14,2016.1,5,2,0,3,8,16,49,67,34,213
2,team4,Male,White,28.8346958233571,14.2458913953022,15,2016.2,6,0,4,4,9,11,46,93,21,194
2,team4,Male,White,29.3346958233571,14.7458913953022,16,2017.1,7,2,2,4,4,9,47,90,28,195
2,team4,Male,White,29.8346958233571,15.2458913953022,17,2017.2,8,2,3,4,7,7,49,83,31,177
2,team4,Male,White,30.3346958233571,15.7458913953022,18,2018.1,9,4,0,10,7,6,48,106,40,217
3,team7,Male,Asian,35.556676985179,17.6556848422008,19,2014.1,1,3,1,6,8,5,50,85,25,195
3,team7,Male,Asian,36.056676985179,18.1556848422008,20,2014.2,2,2,4,4,13,9,33,85,34,215
3,team7,Male,Asian,36.556676985179,18.6556848422008,21,2015.1,3,0,1,5,11,9,33,88,35,197
3,team7,Male,Asian,37.056676985179,19.1556848422008,22,2015.2,4,2,4,5,10,5,45,101,31,215
3,team7,Male,Asian,37.556676985179,19.6556848422008,23,2016.1,5,2,4,9,11,7,41,89,40,204
3,team7,Male,Asian,38.056676985179,20.1556848422008,24,2016.2,6,1,2,4,13,12,56,77,36,197
3,team7,Male,Asian,38.556676985179,20.6556848422008,25,2017.1,7,2,2,7,5,5,50,78,35,209
3,team7,Male,Asian,39.056676985179,21.1556848422008,26,2017.2,8,4,0,4,8,9,47,76,41,217
3,team7,Male,Asian,39.556676985179,21.6556848422008,27,2018.1,9,2,1,7,10,13,33,102,29,199
4,team1,Male,White,32.9799320998902,9.24567157016056,28,2014.1,1,3,4,8,17,5,48,94,27,187
4,team1,Male,White,33.4799320998902,9.74567157016056,29,2014.2,2,4,1,6,11,6,45,93,34,217
4,team1,Male,White,33.9799320998902,10.2456715701606,30,2015.1,3,0,3,10,10,8,37,101,32,221
4,team1,Male,White,34.4799320998902,10.7456715701606,31,2015.2,4,2,4,3,13,8,35,84,32,200
4,team1,Male,White,34.9799320998902,11.2456715701606,32,2016.1,5,1,2,5,10,9,53,83,47,204
4,team1,Male,White,35.4799320998902,11.7456715701606,33,2016.2,6,2,0,6,10,4,44,71,18,205
4,team1,Male,White,35.9799320998902,12.2456715701606,34,2017.1,7,3,1,9,13,11,47,64,30,195
4,team1,Male,White,36.4799320998902,12.7456715701606,35,2017.2,8,3,0,11,10,4,45,92,62,199
4,team1,Male,White,36.9799320998902,13.2456715701606,36,2018.1,9,1,0,4,11,13,40,74,39,200
5,team2,Male,White,27.2688377435545,2.22924694077409,37,2014.1,1,3,1,4,7,7,39,84,36,211
5,team2,Male,White,27.7688377435545,2.72924694077409,38,2014.2,2,0,1,6,4,6,40,93,51,191
5,team2,Male,White,28.2688377435545,3.22924694077409,39,2015.1,3,0,0,5,18,7,51,90,34,204
5,team2,Male,White,28.7688377435545,3.72924694077409,40,2015.2,4,2,2,7,8,18,54,94,36,205
5,team2,Male,White,29.2688377435545,4.22924694077409,41,2016.1,5,0,1,10,16,6,49,80,27,199
5,team2,Male,White,29.7688377435545,4.72924694077409,42,2016.2,6,4,1,5,13,11,48,102,35,217
5,team2,Male,White,30.2688377435545,5.22924694077409,43,2017.1,7,0,1,5,8,6,40,86,29,197
5,team2,Male,White,30.7688377435545,5.72924694077409,44,2017.2,8,3,5,4,9,18,50,79,32,221
5,team2,Male,White,31.2688377435545,6.22924694077409,45,2018.1,9,5,4,8,10,5,53,84,22,181
6,team7,Male,White,36.5070783224499,15.7477920420526,46,2014.1,1,2,3,7,8,7,37,84,35,200
6,team7,Male,White,37.0070783224499,16.2477920420526,47,2014.2,2,3,2,4,9,7,48,88,35,196
6,team7,Male,White,37.5070783224499,16.7477920420526,48,2015.1,3,0,0,2,9,10,42,87,39,196
6,team7,Male,White,38.0070783224499,17.2477920420526,49,2015.2,4,0,1,3,13,11,52,102,33,179
6,team7,Male,White,38.5070783224499,17.7477920420526,50,2016.1,5,3,0,1,13,5,42,70,31,206
6,team7,Male,White,39.0070783224499,18.2477920420526,51,2016.2,6,1,3,7,9,7,35,90,33,196
6,team7,Male,White,39.5070783224499,18.7477920420526,52,2017.1,7,1,1,4,9,9,42,94,29,180
6,team7,Male,White,40.0070783224499,19.2477920420526,53,2017.2,8,0,0,3,10,8,32,102,29,216
6,team7,Male,White,40.5070783224499,19.7477920420526,54,2018.1,9,0,0,5,14,7,39,86,33,191
7,team2,Male,White,33.9838432927714,5.01176064387267,55,2014.1,1,4,2,2,13,11,30,75,41,196
7,team2,Male,White,34.4838432927714,5.51176064387267,56,2014.2,2,0,1,3,8,7,37,70,27,203
7,team2,Male,White,34.9838432927714,6.01176064387267,57,2015.1,3,3,2,8,13,8,56,80,31,196
7,team2,Male,White,35.4838432927714,6.51176064387267,58,2015.2,4,2,5,11,9,6,37,81,35,207
7,team2,Male,White,35.9838432927714,7.01176064387267,59,2016.1,5,0,3,7,12,8,30,91,36,187
7,team2,Male,White,36.4838432927714,7.51176064387267,60,2016.2,6,3,1,5,2,14,39,103,23,215
7,team2,Male,White,36.9838432927714,8.01176064387267,61,2017.1,7,2,2,9,10,3,44,98,33,205
7,team2,Male,White,37.4838432927714,8.51176064387267,62,2017.2,8,1,1,7,10,2,46,103,36,192
7,team2,Male,White,37.9838432927714,9.01176064387267,63,2018.1,9,3,4,5,6,4,26,88,25,198
8,team3,Male,White,32.8544223892689,14.0082256735832,64,2014.1,1,4,1,3,11,7,47,87,32,188
8,team3,Male,White,33.3544223892689,14.5082256735832,65,2014.2,2,5,0,5,4,9,57,81,32,207
8,team3,Male,White,33.8544223892689,15.0082256735832,66,2015.1,3,2,1,6,14,9,42,90,43,206
8,team3,Male,White,34.3544223892689,15.5082256735832,67,2015.2,4,3,4,7,7,18,49,88,29,222
8,team3,Male,White,34.8544223892689,16.0082256735832,68,2016.1,5,1,0,6,10,9,39,87,33,200
8,team3,Male,White,35.3544223892689,16.5082256735832,69,2016.2,6,4,2,4,10,9,44,70,30,220
8,team3,Male,White,35.8544223892689,17.0082256735832,70,2017.1,7,4,1,5,14,9,38,103,26,215
8,team3,Male,White,36.3544223892689,17.5082256735832,71,2017.2,8,0,1,5,9,8,43,80,43,204
8,team3,Male,White,36.8544223892689,18.0082256735832,72,2018.1,9,1,2,4,13,6,41,75,27,192
9,team1,Male,White,43.8678131193463,13.4701673257242,73,2014.1,1,1,1,8,11,11,40,84,30,214
9,team1,Male,White,44.3678131193463,13.9701673257242,74,2014.2,2,7,2,12,13,11,53,87,24,208
9,team1,Male,White,44.8678131193463,14.4701673257242,75,2015.1,3,2,1,10,9,9,48,97,31,195
9,team1,Male,White,45.3678131193463,14.9701673257242,76,2015.2,4,1,0,1,8,4,38,105,35,219
9,team1,Male,White,45.8678131193463,15.4701673257242,77,2016.1,5,3,2,7,12,8,38,95,31,204
9,team1,Male,White,46.3678131193463,15.9701673257242,78,2016.2,6,1,0,11,9,4,49,99,33,193
9,team1,Male,White,46.8678131193463,16.4701673257242,79,2017.1,7,2,1,5,11,7,43,76,35,210
9,team1,Male,White,47.3678131193463,16.9701673257242,80,2017.2,8,2,1,16,16,10,38,97,31,197
9,team1,Male,White,47.8678131193463,17.4701673257242,81,2018.1,9,2,0,5,15,7,39,92,40,225
10,team5,Male,White,40.7268654966935,12.7211873394013,82,2014.1,1,3,1,3,4,9,38,79,29,222
10,team5,Male,White,41.2268654966935,13.2211873394013,83,2014.2,2,4,2,4,15,4,50,88,28,228
10,team5,Male,White,41.7268654966935,13.7211873394013,84,2015.1,3,1,1,5,8,8,43,72,23,204
10,team5,Male,White,42.2268654966935,14.2211873394013,85,2015.2,4,3,1,10,8,5,43,70,25,193
10,team5,Male,White,42.7268654966935,14.7211873394013,86,2016.1,5,1,0,5,8,7,59,87,36,201
10,team5,Male,White,43.2268654966935,15.2211873394013,87,2016.2,6,3,3,6,7,12,42,83,26,228
10,team5,Male,White,43.7268654966935,15.7211873394013,88,2017.1,7,5,2,2,7,8,50,100,34,222
10,team5,Male,White,44.2268654966935,16.2211873394013,89,2017.2,8,7,1,8,9,6,47,94,34,215
10,team5,Male,White,44.7268654966935,16.7211873394013,90,2018.1,9,4,1,3,15,10,39,85,21,176
11,team5,Male,Asian,36.366807130313,19.7642494791508,91,2014.1,1,1,0,7,12,7,39,95,22,205
11,team5,Male,Asian,36.866807130313,20.2642494791508,92,2014.2,2,1,3,3,10,11,40,87,46,192
11,team5,Male,Asian,37.366807130313,20.7642494791508,93,2015.1,3,3,2,4,13,7,46,107,32,201
11,team5,Male,Asian,37.866807130313,21.2642494791508,94,2015.2,4,2,2,6,10,8,54,78,30,184
11,team5,Male,Asian,38.366807130313,21.7642494791508,95,2016.1,5,2,1,10,12,8,39,83,38,193
11,team5,Male,Asian,38.866807130313,22.2642494791508,96,2016.2,6,3,1,4,10,5,44,97,39,179
11,team5,Male,Asian,39.366807130313,22.7642494791508,97,2017.1,7,2,3,3,7,7,33,83,29,191
11,team5,Male,Asian,39.866807130313,23.2642494791508,98,2017.2,8,1,0,6,11,7,50,79,27,216
11,team5,Male,Asian,40.366807130313,23.7642494791508,99,2018.1,9,2,1,5,13,15,39,80,26,218
12,team10,Male,White,38.0954334418726,9.72804825347611,100,2014.1,1,3,1,5,16,6,42,66,28,210
12,team10,Male,White,38.5954334418726,10.2280482534761,101,2014.2,2,5,0,5,17,10,59,75,33,230
12,team10,Male,White,39.0954334418726,10.7280482534761,102,2015.1,3,2,4,8,9,7,29,77,38,206
12,team10,Male,White,39.5954334418726,11.2280482534761,103,2015.2,4,1,3,5,7,3,38,81,32,188
12,team10,Male,White,40.0954334418726,11.7280482534761,104,2016.1,5,2,0,3,12,6,42,86,33,191
12,team10,Male,White,40.5954334418726,12.2280482534761,105,2016.2,6,5,3,3,15,12,54,90,42,176
12,team10,Male,White,41.0954334418726,12.7280482534761,106,2017.1,7,2,4,4,5,7,47,82,24,214
12,team10,Male,White,41.5954334418726,13.2280482534761,107,2017.2,8,1,4,5,10,8,45,96,33,210
12,team10,Male,White,42.0954334418726,13.7280482534761,108,2018.1,9,1,0,6,8,6,35,98,34,222
13,team6,Female,White,31.8388181641202,3.96618527251998,109,2014.1,1,2,3,5,14,8,55,88,27,221
13,team6,Female,White,32.3388181641202,4.46618527251998,110,2014.2,2,3,0,5,13,10,47,78,25,208
13,team6,Female,White,32.8388181641202,4.96618527251998,111,2015.1,3,2,1,4,17,6,39,83,24,204
13,team6,Female,White,33.3388181641202,5.46618527251998,112,2015.2,4,3,0,6,8,7,36,103,36,206
13,team6,Female,White,33.8388181641202,5.96618527251998,113,2016.1,5,4,2,3,5,4,45,79,40,213
13,team6,Female,White,34.3388181641202,6.46618527251998,114,2016.2,6,5,1,5,14,7,42,78,41,205
13,team6,Female,White,34.8388181641202,6.96618527251998,115,2017.1,7,3,1,4,22,9,36,85,36,206
13,team6,Female,White,35.3388181641202,7.46618527251998,116,2017.2,8,3,3,1,12,8,52,91,33,177
13,team6,Female,White,35.8388181641202,7.96618527251998,117,2018.1,9,2,2,9,11,10,40,91,25,206
14,team10,Male,White,35.5906115588947,11.1300653006345,118,2014.1,1,3,1,5,14,7,39,81,40,194
14,team10,Male,White,36.0906115588947,11.6300653006345,119,2014.2,2,1,0,6,11,7,49,85,26,190
14,team10,Male,White,36.5906115588947,12.1300653006345,120,2015.1,3,2,1,9,11,13,45,87,36,222
14,team10,Male,White,37.0906115588947,12.6300653006345,121,2015.2,4,2,1,6,11,9,47,89,32,202
14,team10,Male,White,37.5906115588947,13.1300653006345,122,2016.1,5,0,2,7,7,9,36,93,26,215
14,team10,Male,White,38.0906115588947,13.6300653006345,123,2016.2,6,2,1,7,7,7,44,90,30,177
14,team10,Male,White,38.5906115588947,14.1300653006345,124,2017.1,7,1,3,3,12,9,44,81,33,215
14,team10,Male,White,39.0906115588947,14.6300653006345,125,2017.2,8,4,2,8,6,7,41,78,29,218
14,team10,Male,White,39.5906115588947,15.1300653006345,126,2018.1,9,3,3,4,14,6,31,91,35,176
15,team7,Male,White,44.7152361655159,9.59371725393359,127,2014.1,1,2,1,4,16,10,34,91,30,197
15,team7,Male,White,45.2152361655159,10.0937172539336,128,2014.2,2,4,0,5,12,5,52,94,29,182
15,team7,Male,White,45.7152361655159,10.5937172539336,129,2015.1,3,2,1,3,11,6,55,92,35,202
15,team7,Male,White,46.2152361655159,11.0937172539336,130,2015.2,4,1,2,7,11,10,37,86,39,211
15,team7,Male,White,46.7152361655159,11.5937172539336,131,2016.1,5,2,0,4,8,13,51,80,35,199
15,team7,Male,White,47.2152361655159,12.0937172539336,132,2016.2,6,4,0,7,6,4,53,90,40,197
15,team7,Male,White,47.7152361655159,12.5937172539336,133,2017.1,7,2,1,4,12,4,41,86,28,199
15,team7,Male,White,48.2152361655159,13.0937172539336,134,2017.2,8,4,0,8,9,11,38,85,26,180
15,team7,Male,White,48.7152361655159,13.5937172539336,135,2018.1,9,0,2,8,15,9,47,107,37,230
16,team9,Female,White,36.8827622069369,14.1023137034755,136,2014.1,1,6,1,1,14,8,43,80,16,213
16,team9,Female,White,37.3827622069369,14.6023137034755,137,2014.2,2,1,0,5,8,4,42,97,21,194
16,team9,Female,White,37.8827622069369,15.1023137034755,138,2015.1,3,0,1,6,9,10,52,95,42,217
16,team9,Female,White,38.3827622069369,15.6023137034755,139,2015.2,4,2,4,5,5,7,43,86,23,205
16,team9,Female,White,38.8827622069369,16.1023137034755,140,2016.1,5,5,1,6,10,4,39,101,41,202
16,team9,Female,White,39.3827622069369,16.6023137034755,141,2016.2,6,1,3,7,13,11,45,81,24,189
16,team9,Female,White,39.8827622069369,17.1023137034755,142,2017.1,7,2,1,6,12,5,50,101,39,187
16,team9,Female,White,40.3827622069369,17.6023137034755,143,2017.2,8,0,2,7,5,6,44,81,42,191
16,team9,Female,White,40.8827622069369,18.1023137034755,144,2018.1,9,1,0,5,9,6,51,89,34,199
17,team5,Male,White,38.1325204349007,19.3001502845154,145,2014.1,1,2,1,5,10,11,55,98,29,196
17,team5,Male,White,38.6325204349007,19.8001502845154,146,2014.2,2,5,0,3,8,8,37,81,28,223
17,team5,Male,White,39.1325204349007,20.3001502845154,147,2015.1,3,3,0,2,8,10,40,73,31,185
17,team5,Male,White,39.6325204349007,20.8001502845154,148,2015.2,4,4,4,3,9,6,59,79,38,203
17,team5,Male,White,40.1325204349007,21.3001502845154,149,2016.1,5,3,1,10,11,4,48,78,33,196
17,team5,Male,White,40.6325204349007,21.8001502845154,150,2016.2,6,4,2,4,10,4,52,77,29,196
17,team5,Male,White,41.1325204349007,22.3001502845154,151,2017.1,7,0,1,7,10,13,50,79,35,189
17,team5,Male,White,41.6325204349007,22.8001502845154,152,2017.2,8,5,2,6,6,14,39,73,25,207
17,team5,Male,White,42.1325204349007,23.3001502845154,153,2018.1,9,4,2,8,11,5,34,88,39,200
18,team5,Male,White,51.1733297305441,1.39669658735451,154,2014.1,1,2,2,3,12,7,41,75,32,203
18,team5,Male,White,51.6733297305441,1.89669658735451,155,2014.2,2,3,0,4,13,5,37,97,33,183
18,team5,Male,White,52.1733297305442,2.39669658735451,156,2015.1,3,2,4,10,11,10,54,85,25,208
18,team5,Male,White,52.6733297305442,2.89669658735451,157,2015.2,4,0,2,2,6,9,52,101,37,167
18,team5,Male,White,53.1733297305441,3.39669658735451,158,2016.1,5,2,0,6,13,8,50,72,44,217
18,team5,Male,White,53.6733297305441,3.89669658735451,159,2016.2,6,4,1,3,9,8,53,91,32,206
18,team5,Male,White,54.1733297305441,4.39669658735451,160,2017.1,7,0,1,13,13,9,41,89,25,217
18,team5,Male,White,54.6733297305442,4.89669658735451,161,2017.2,8,2,1,4,14,11,41,95,25,209
18,team5,Male,White,55.1733297305442,5.39669658735451,162,2018.1,9,2,0,2,14,7,51,93,32,175
19,team9,Male,White,32.0741402227088,9.68779305221918,163,2014.1,1,4,1,5,9,6,44,86,31,201
19,team9,Male,White,32.5741402227088,10.1877930522192,164,2014.2,2,2,2,5,9,6,38,97,29,213
19,team9,Male,White,33.0741402227088,10.6877930522192,165,2015.1,3,2,0,4,6,7,46,87,28,205
19,team9,Male,White,33.5741402227088,11.1877930522192,166,2015.2,4,5,4,10,8,4,45,98,39,207
19,team9,Male,White,34.0741402227088,11.6877930522192,167,2016.1,5,4,3,2,8,15,45,83,29,183
19,team9,Male,White,34.5741402227088,12.1877930522192,168,2016.2,6,1,0,7,8,6,50,94,26,203
19,team9,Male,White,35.0741402227088,12.6877930522192,169,2017.1,7,5,1,3,9,9,40,90,32,198
19,team9,Male,White,35.5741402227088,13.1877930522192,170,2017.2,8,2,2,9,10,8,42,93,24,221
19,team9,Male,White,36.0741402227088,13.6877930522192,171,2018.1,9,0,0,7,11,10,43,79,27,173
20,team9,Male,White,43.7255466876537,11.1659039346828,172,2014.1,1,1,2,4,6,8,37,80,34,164
20,team9,Male,White,44.2255466876537,11.6659039346828,173,2014.2,2,2,2,9,10,10,42,84,20,219
20,team9,Male,White,44.7255466876537,12.1659039346828,174,2015.1,3,0,1,4,11,6,46,81,28,222
20,team9,Male,White,45.2255466876537,12.6659039346828,175,2015.2,4,2,3,8,9,11,38,93,30,189
20,team9,Male,White,45.7255466876537,13.1659039346828,176,2016.1,5,3,2,3,9,8,43,87,36,176
20,team9,Male,White,46.2255466876537,13.6659039346828,177,2016.2,6,4,2,9,12,5,40,82,35,193
20,team9,Male,White,46.7255466876537,14.1659039346828,178,2017.1,7,0,2,4,14,7,51,94,39,204
20,team9,Male,White,47.2255466876537,14.6659039346828,179,2017.2,8,3,3,4,8,10,41,103,24,206
20,team9,Male,White,47.7255466876537,15.1659039346828,180,2018.1,9,1,2,5,2,7,55,80,32,206
21,team5,Male,White,49.5333953747647,13.6584798818485,181,2014.1,1,2,0,8,17,5,47,98,32,186
21,team5,Male,White,50.0333953747647,14.1584798818485,182,2014.2,2,4,1,2,5,8,49,103,35,197
21,team5,Male,White,50.5333953747647,14.6584798818485,183,2015.1,3,2,1,5,11,9,42,76,38,201
21,team5,Male,White,51.0333953747647,15.1584798818485,184,2015.2,4,2,0,5,8,8,28,84,19,206
21,team5,Male,White,51.5333953747647,15.6584798818485,185,2016.1,5,1,1,10,7,3,39,87,32,216
21,team5,Male,White,52.0333953747647,16.1584798818485,186,2016.2,6,6,3,2,10,3,41,99,37,220
21,team5,Male,White,52.5333953747647,16.6584798818485,187,2017.1,7,2,2,5,11,10,60,97,28,220
21,team5,Male,White,53.0333953747647,17.1584798818485,188,2017.2,8,0,1,5,12,7,44,96,41,199
21,team5,Male,White,53.5333953747647,17.6584798818485,189,2018.1,9,3,2,7,11,8,50,92,19,195
22,team5,Male,White,29.550843856666,7.17651756072545,190,2014.1,1,1,0,7,10,8,49,98,38,196
22,team5,Male,White,30.050843856666,7.67651756072545,191,2014.2,2,2,2,3,18,7,41,82,32,217
22,team5,Male,White,30.550843856666,8.17651756072545,192,2015.1,3,4,1,3,17,6,47,83,36,199
22,team5,Male,White,31.050843856666,8.67651756072545,193,2015.2,4,3,0,2,7,8,44,80,27,216
22,team5,Male,White,31.550843856666,9.17651756072545,194,2016.1,5,0,3,4,9,9,44,81,30,200
22,team5,Male,White,32.050843856666,9.67651756072545,195,2016.2,6,4,0,5,12,9,46,97,26,221
22,team5,Male,White,32.550843856666,10.1765175607255,196,2017.1,7,3,2,5,15,9,44,69,43,211
22,team5,Male,White,33.050843856666,10.6765175607255,197,2017.2,8,5,5,4,8,13,37,89,36,170
22,team5,Male,White,33.550843856666,11.1765175607255,198,2018.1,9,1,0,8,15,10,48,96,29,215
23,team2,Male,White,37.1234558249722,12.8309429003251,199,2014.1,1,1,1,3,13,9,45,80,43,200
23,team2,Male,White,37.6234558249722,13.3309429003251,200,2014.2,2,0,1,7,6,7,35,86,33,178
23,team2,Male,White,38.1234558249722,13.8309429003251,201,2015.1,3,3,0,3,11,8,37,79,28,223
23,team2,Male,White,38.6234558249722,14.3309429003251,202,2015.2,4,1,1,4,10,12,42,79,35,181
23,team2,Male,White,39.1234558249722,14.8309429003251,203,2016.1,5,2,2,3,7,9,56,85,35,197
23,team2,Male,White,39.6234558249722,15.3309429003251,204,2016.2,6,1,4,8,13,4,38,69,35,233
23,team2,Male,White,40.1234558249722,15.8309429003251,205,2017.1,7,5,0,2,10,14,38,92,31,193
23,team2,Male,White,40.6234558249722,16.3309429003251,206,2017.2,8,3,1,6,9,5,43,85,40,201
23,team2,Male,White,41.1234558249722,16.8309429003251,207,2018.1,9,2,0,6,8,6,40,59,34,193
24,team10,Male,White,34.2706395948591,12.7833385473173,208,2014.1,1,2,0,4,13,11,38,90,34,206
24,team10,Male,White,34.7706395948591,13.2833385473173,209,2014.2,2,2,3,7,9,7,51,90,39,184
24,team10,Male,White,35.2706395948591,13.7833385473173,210,2015.1,3,5,3,3,11,6,45,77,37,182
24,team10,Male,White,35.7706395948591,14.2833385473173,211,2015.2,4,3,3,6,15,11,49,88,37,207
24,team10,Male,White,36.2706395948591,14.7833385473173,212,2016.1,5,2,1,1,7,7,48,82,31,218
24,team10,Male,White,36.7706395948591,15.2833385473173,213,2016.2,6,2,1,8,8,9,42,98,30,190
24,team10,Male,White,37.2706395948591,15.7833385473173,214,2017.1,7,3,2,6,9,7,38,93,26,205
24,team10,Male,White,37.7706395948591,16.2833385473173,215,2017.2,8,1,0,9,10,9,41,77,30,198
24,team10,Male,White,38.2706395948591,16.7833385473173,216,2018.1,9,3,1,7,15,10,38,88,23,188
25,team9,Male,White,33.5641707334341,10.7356615971245,217,2014.1,1,4,1,7,5,8,48,77,28,225
25,team9,Male,White,34.0641707334341,11.2356615971245,218,2014.2,2,1,2,10,10,15,39,88,36,173
25,team9,Male,White,34.5641707334341,11.7356615971245,219,2015.1,3,2,1,7,7,9,44,80,42,195
25,team9,Male,White,35.0641707334341,12.2356615971245,220,2015.2,4,2,0,3,9,8,40,78,32,217
25,team9,Male,White,35.5641707334341,12.7356615971245,221,2016.1,5,1,0,5,11,8,43,88,38,185
25,team9,Male,White,36.0641707334341,13.2356615971245,222,2016.2,6,0,2,4,10,5,54,77,37,201
25,team9,Male,White,36.5641707334341,13.7356615971245,223,2017.1,7,2,4,5,9,8,37,94,38,200
25,team9,Male,White,37.0641707334341,14.2356615971245,224,2017.2,8,5,1,9,10,7,49,74,36,213
25,team9,Male,White,37.5641707334341,14.7356615971245,225,2018.1,9,3,3,4,6,11,43,94,27,202
26,team1,Male,White,29.6799764374928,10.1529380706131,226,2014.1,1,2,0,3,13,9,42,84,34,220
26,team1,Male,White,30.1799764374928,10.6529380706131,227,2014.2,2,2,1,7,6,12,35,90,24,196
26,team1,Male,White,30.6799764374928,11.1529380706131,228,2015.1,3,0,3,5,16,5,40,88,41,190
26,team1,Male,White,31.1799764374928,11.6529380706131,229,2015.2,4,2,4,5,9,11,36,74,38,203
26,team1,Male,White,31.6799764374928,12.1529380706131,230,2016.1,5,2,4,8,15,10,34,77,25,220
26,team1,Male,White,32.1799764374928,12.6529380706131,231,2016.2,6,1,2,5,16,10,39,97,38,214
26,team1,Male,White,32.6799764374928,13.1529380706131,232,2017.1,7,1,2,10,10,8,45,90,29,200
26,team1,Male,White,33.1799764374928,13.6529380706131,233,2017.2,8,1,1,4,9,6,41,74,31,201
26,team1,Male,White,33.6799764374928,14.1529380706131,234,2018.1,9,1,2,5,11,10,51,87,36,198
27,team4,Female,White,30.7265211522759,18.4270718845737,235,2014.1,1,1,0,6,9,11,46,89,25,210
27,team4,Female,White,31.226521152276,18.9270718845737,236,2014.2,2,4,0,6,6,10,50,66,23,205
27,team4,Female,White,31.726521152276,19.4270718845737,237,2015.1,3,0,1,7,8,6,41,94,33,202
27,team4,Female,White,32.226521152276,19.9270718845737,238,2015.2,4,2,1,8,19,5,39,78,36,195
27,team4,Female,White,32.726521152276,20.4270718845737,239,2016.1,5,2,0,4,10,14,43,74,31,195
27,team4,Female,White,33.226521152276,20.9270718845737,240,2016.2,6,1,3,6,11,9,23,74,36,201
27,team4,Female,White,33.726521152276,21.4270718845737,241,2017.1,7,1,1,8,10,12,48,86,31,211
27,team4,Female,White,34.226521152276,21.9270718845737,242,2017.2,8,4,0,5,15,10,46,93,25,204
27,team4,Female,White,34.726521152276,22.4270718845737,243,2018.1,9,2,3,5,10,12,50,97,29,219
28,team3,Male,White,45.8857101452493,14.3044291174754,244,2014.1,1,3,2,1,7,7,53,72,36,223
28,team3,Male,White,46.3857101452493,14.8044291174754,245,2014.2,2,0,0,5,14,1,35,84,34,201
28,team3,Male,White,46.8857101452493,15.3044291174754,246,2015.1,3,4,1,7,13,6,40,104,30,190
28,team3,Male,White,47.3857101452493,15.8044291174754,247,2015.2,4,3,0,8,12,9,36,82,26,206
28,team3,Male,White,47.8857101452493,16.3044291174754,248,2016.1,5,0,0,8,7,9,36,86,28,189
28,team3,Male,White,48.3857101452493,16.8044291174754,249,2016.2,6,3,1,6,14,9,48,87,36,200
28,team3,Male,White,48.8857101452493,17.3044291174754,250,2017.1,7,6,3,10,10,10,52,72,32,198
28,team3,Male,White,49.3857101452493,17.8044291174754,251,2017.2,8,2,0,8,11,5,51,107,29,190
28,team3,Male,White,49.8857101452493,18.3044291174754,252,2018.1,9,1,2,3,9,8,39,83,34,212
29,team6,Male,White,41.1568866401825,20.9734113688784,253,2014.1,1,2,2,6,5,13,44,90,31,185
29,team6,Male,White,41.6568866401825,21.4734113688784,254,2014.2,2,1,2,1,12,8,53,80,33,199
29,team6,Male,White,42.1568866401825,21.9734113688784,255,2015.1,3,3,5,8,9,4,52,88,31,202
29,team6,Male,White,42.6568866401825,22.4734113688784,256,2015.2,4,4,1,7,15,7,42,79,29,207
29,team6,Male,White,43.1568866401825,22.9734113688784,257,2016.1,5,2,1,5,7,11,50,82,21,212
29,team6,Male,White,43.6568866401825,23.4734113688784,258,2016.2,6,2,3,7,9,11,46,69,32,200
29,team6,Male,White,44.1568866401825,23.9734113688784,259,2017.1,7,6,0,8,4,7,43,78,29,206
29,team6,Male,White,44.6568866401825,24.4734113688784,260,2017.2,8,2,3,6,7,10,36,99,22,208
29,team6,Male,White,45.1568866401825,24.9734113688784,261,2018.1,9,5,4,4,12,10,34,82,37,205
30,team10,Male,White,42.4294402321845,9.40098673602697,262,2014.1,1,3,0,8,10,8,56,78,37,212
30,team10,Male,White,42.9294402321845,9.90098673602697,263,2014.2,2,1,2,6,9,12,51,85,32,227
30,team10,Male,White,43.4294402321845,10.400986736027,264,2015.1,3,1,2,4,6,8,36,81,30,207
30,team10,Male,White,43.9294402321845,10.900986736027,265,2015.2,4,0,0,8,15,3,42,83,24,205
30,team10,Male,White,44.4294402321845,11.400986736027,266,2016.1,5,4,1,9,8,7,49,91,21,199
30,team10,Male,White,44.9294402321845,11.900986736027,267,2016.2,6,2,1,6,13,4,48,86,33,205
30,team10,Male,White,45.4294402321845,12.400986736027,268,2017.1,7,1,0,8,7,8,45,94,36,197
30,team10,Male,White,45.9294402321845,12.900986736027,269,2017.2,8,1,2,8,11,5,38,84,27,212
30,team10,Male,White,46.4294402321845,13.400986736027,270,2018.1,9,2,5,8,14,9,32,94,34,193
31,team10,Female,White,47.9015926344148,4.32833210456623,271,2014.1,1,3,1,7,10,10,39,80,39,190
31,team10,Female,White,48.4015926344148,4.82833210456623,272,2014.2,2,4,0,3,8,6,32,98,22,214
31,team10,Female,White,48.9015926344148,5.32833210456623,273,2015.1,3,4,2,8,11,11,40,93,31,180
31,team10,Female,White,49.4015926344148,5.82833210456623,274,2015.2,4,4,1,2,7,5,26,78,34,208
31,team10,Female,White,49.9015926344148,6.32833210456623,275,2016.1,5,3,2,7,19,10,50,87,27,191
31,team10,Female,White,50.4015926344148,6.82833210456623,276,2016.2,6,2,5,7,8,10,46,88,47,235
31,team10,Female,White,50.9015926344148,7.32833210456623,277,2017.1,7,1,1,8,6,8,53,97,31,195
31,team10,Female,White,51.4015926344148,7.82833210456623,278,2017.2,8,2,4,9,7,9,47,99,26,195
31,team10,Female,White,51.9015926344148,8.32833210456623,279,2018.1,9,4,2,6,9,10,46,82,30,212
32,team6,Male,White,34.4421874218128,8.74234480297762,280,2014.1,1,4,1,5,6,9,45,87,32,212
32,team6,Male,White,34.9421874218128,9.24234480297762,281,2014.2,2,2,0,7,12,7,36,82,42,184
32,team6,Male,White,35.4421874218128,9.74234480297762,282,2015.1,3,2,0,3,9,3,45,84,28,190
32,team6,Male,White,35.9421874218128,10.2423448029776,283,2015.2,4,1,0,4,11,5,48,95,32,222
32,team6,Male,White,36.4421874218128,10.7423448029776,284,2016.1,5,4,0,3,11,6,34,87,34,205
32,team6,Male,White,36.9421874218128,11.2423448029776,285,2016.2,6,0,0,9,9,10,40,94,34,197
32,team6,Male,White,37.4421874218128,11.7423448029776,286,2017.1,7,4,0,5,16,8,42,92,25,190
32,team6,Male,White,37.9421874218128,12.2423448029776,287,2017.2,8,2,1,3,9,6,29,89,31,174
32,team6,Male,White,38.4421874218128,12.7423448029776,288,2018.1,9,2,2,4,8,13,47,75,32,200
33,team4,Male,White,42.7158951412369,11.306462603865,289,2014.1,1,3,3,8,8,8,44,82,30,228
33,team4,Male,White,43.2158951412369,11.806462603865,290,2014.2,2,3,1,2,13,7,45,79,43,191
33,team4,Male,White,43.7158951412369,12.306462603865,291,2015.1,3,4,2,6,13,12,50,97,36,174
33,team4,Male,White,44.2158951412369,12.806462603865,292,2015.2,4,3,0,7,10,7,49,79,32,227
33,team4,Male,White,44.7158951412369,13.306462603865,293,2016.1,5,4,0,9,14,16,37,92,43,173
33,team4,Male,White,45.2158951412369,13.806462603865,294,2016.2,6,2,3,10,10,11,43,69,27,223
33,team4,Male,White,45.7158951412369,14.306462603865,295,2017.1,7,2,3,2,10,11,48,87,27,203
33,team4,Male,White,46.2158951412369,14.806462603865,296,2017.2,8,0,2,2,10,8,38,90,51,205
33,team4,Male,White,46.7158951412369,15.306462603865,297,2018.1,9,0,2,2,13,3,31,76,33,181
34,team4,Female,White,36.5755565531561,9.56038785968921,298,2014.1,1,2,3,8,12,13,40,97,23,185
34,team4,Female,White,37.0755565531561,10.0603878596892,299,2014.2,2,2,2,4,15,8,36,89,32,190
34,team4,Female,White,37.5755565531561,10.5603878596892,300,2015.1,3,2,1,6,12,11,35,78,31,226
34,team4,Female,White,38.0755565531561,11.0603878596892,301,2015.2,4,5,2,2,13,11,46,101,45,207
34,team4,Female,White,38.5755565531561,11.5603878596892,302,2016.1,5,1,1,12,13,14,39,76,32,193
34,team4,Female,White,39.0755565531561,12.0603878596892,303,2016.2,6,3,0,6,11,11,42,90,29,181
34,team4,Female,White,39.5755565531561,12.5603878596892,304,2017.1,7,2,1,4,16,3,39,77,23,190
34,team4,Female,White,40.0755565531561,13.0603878596892,305,2017.2,8,2,4,5,12,5,39,79,30,210
34,team4,Female,White,40.5755565531561,13.5603878596892,306,2018.1,9,4,4,4,11,11,38,86,30,196
35,team10,Male,White,33.4903517754344,8.65849462594055,307,2014.1,1,2,2,4,9,6,40,90,31,205
35,team10,Male,White,33.9903517754344,9.15849462594055,308,2014.2,2,4,3,11,7,7,42,82,28,183
35,team10,Male,White,34.4903517754344,9.65849462594055,309,2015.1,3,1,2,7,11,9,38,74,27,174
35,team10,Male,White,34.9903517754344,10.1584946259405,310,2015.2,4,1,3,3,6,12,47,85,32,196
35,team10,Male,White,35.4903517754344,10.6584946259405,311,2016.1,5,1,5,6,13,11,51,75,30,206
35,team10,Male,White,35.9903517754344,11.1584946259405,312,2016.2,6,0,3,14,17,8,44,102,24,200
35,team10,Male,White,36.4903517754344,11.6584946259405,313,2017.1,7,4,1,9,10,5,45,65,29,194
35,team10,Male,White,36.9903517754344,12.1584946259405,314,2017.2,8,2,5,6,11,12,36,73,33,220
35,team10,Male,White,37.4903517754344,12.6584946259405,315,2018.1,9,3,3,3,10,4,57,94,44,182
36,team9,Male,White,43.4824390773311,2.59846614574692,316,2014.1,1,3,1,1,12,8,40,87,29,168
36,team9,Male,White,43.9824390773311,3.09846614574692,317,2014.2,2,3,2,2,8,6,42,75,41,200
36,team9,Male,White,44.4824390773311,3.59846614574692,318,2015.1,3,3,2,7,9,8,35,80,25,191
36,team9,Male,White,44.9824390773311,4.09846614574692,319,2015.2,4,1,0,3,11,9,41,81,31,206
36,team9,Male,White,45.4824390773311,4.59846614574692,320,2016.1,5,0,2,4,12,7,39,90,27,188
36,team9,Male,White,45.9824390773311,5.09846614574692,321,2016.2,6,1,0,3,8,9,40,89,34,194
36,team9,Male,White,46.4824390773311,5.59846614574692,322,2017.1,7,1,1,3,7,13,36,84,35,187
36,team9,Male,White,46.9824390773311,6.09846614574692,323,2017.2,8,5,1,2,13,9,39,90,36,203
36,team9,Male,White,47.4824390773311,6.59846614574692,324,2018.1,9,2,2,7,12,11,53,101,24,167
37,team7,Male,White,37.2585638358952,6.65416427359241,325,2014.1,1,2,3,13,8,8,49,73,33,206
37,team7,Male,White,37.7585638358952,7.15416427359241,326,2014.2,2,1,1,5,17,12,45,82,22,182
37,team7,Male,White,38.2585638358952,7.65416427359241,327,2015.1,3,6,2,7,9,5,43,85,30,195
37,team7,Male,White,38.7585638358952,8.15416427359241,328,2015.2,4,5,0,5,12,6,28,93,41,195
37,team7,Male,White,39.2585638358952,8.65416427359241,329,2016.1,5,3,0,7,12,9,46,87,47,198
37,team7,Male,White,39.7585638358952,9.15416427359241,330,2016.2,6,3,2,5,9,5,51,56,25,208
37,team7,Male,White,40.2585638358952,9.65416427359241,331,2017.1,7,0,4,11,12,6,44,73,39,207
37,team7,Male,White,40.7585638358952,10.1541642735924,332,2017.2,8,3,1,4,9,6,46,86,31,187
37,team7,Male,White,41.2585638358952,10.6541642735924,333,2018.1,9,0,1,8,9,9,61,86,32,222
38,team6,Male,White,29.5365987854089,5.09956872940588,334,2014.1,1,2,1,6,15,10,41,89,28,212
38,team6,Male,White,30.0365987854089,5.59956872940588,335,2014.2,2,3,2,4,9,14,44,91,39,215
38,team6,Male,White,30.5365987854089,6.09956872940588,336,2015.1,3,4,0,6,6,9,48,93,36,207
38,team6,Male,White,31.0365987854089,6.59956872940588,337,2015.2,4,2,1,7,6,8,57,95,24,223
38,team6,Male,White,31.5365987854089,7.09956872940588,338,2016.1,5,1,2,7,11,12,42,104,28,207
38,team6,Male,White,32.0365987854089,7.59956872940588,339,2016.2,6,2,1,6,13,15,39,85,31,219
38,team6,Male,White,32.5365987854089,8.09956872940587,340,2017.1,7,3,2,8,11,8,43,84,23,194
38,team6,Male,White,33.0365987854089,8.59956872940587,341,2017.2,8,2,4,5,14,7,43,86,27,200
38,team6,Male,White,33.5365987854089,9.09956872940587,342,2018.1,9,1,1,9,7,9,35,89,36,229
39,team9,Male,White,35.3308055270466,12.4032054930795,343,2014.1,1,0,1,2,11,9,42,88,33,199
39,team9,Male,White,35.8308055270466,12.9032054930795,344,2014.2,2,3,1,6,8,8,39,72,39,181
39,team9,Male,White,36.3308055270466,13.4032054930795,345,2015.1,3,1,1,4,12,7,48,75,26,213
39,team9,Male,White,36.8308055270466,13.9032054930795,346,2015.2,4,5,0,4,14,7,52,99,42,204
39,team9,Male,White,37.3308055270466,14.4032054930795,347,2016.1,5,1,2,9,14,13,46,89,35,196
39,team9,Male,White,37.8308055270466,14.9032054930795,348,2016.2,6,2,2,3,9,10,40,97,30,189
39,team9,Male,White,38.3308055270466,15.4032054930795,349,2017.1,7,3,3,5,6,8,35,95,25,192
39,team9,Male,White,38.8308055270466,15.9032054930795,350,2017.2,8,0,1,4,13,8,54,79,27,189
39,team9,Male,White,39.3308055270466,16.4032054930795,351,2018.1,9,1,0,4,10,4,46,97,36,227
40,team8,Female,White,47.4665641069026,12.5929346430477,352,2014.1,1,3,2,6,9,9,39,95,39,227
40,team8,Female,White,47.9665641069026,13.0929346430477,353,2014.2,2,2,0,10,14,9,41,80,27,207
40,team8,Female,White,48.4665641069026,13.5929346430477,354,2015.1,3,3,1,3,13,8,40,100,28,198
40,team8,Female,White,48.9665641069026,14.0929346430477,355,2015.2,4,1,2,2,13,6,42,86,34,213
40,team8,Female,White,49.4665641069026,14.5929346430477,356,2016.1,5,3,0,7,9,9,49,80,32,216
40,team8,Female,White,49.9665641069026,15.0929346430477,357,2016.2,6,7,0,6,9,8,33,79,29,199
40,team8,Female,White,50.4665641069026,15.5929346430477,358,2017.1,7,2,3,4,12,11,50,90,37,219
40,team8,Female,White,50.9665641069026,16.0929346430477,359,2017.2,8,3,0,6,17,8,49,97,26,177
40,team8,Female,White,51.4665641069026,16.5929346430477,360,2018.1,9,2,1,10,13,9,53,77,25,210
41,team9,Male,White,45.2051098289263,18.8061700550977,361,2014.1,1,3,1,9,14,3,62,88,34,180
41,team9,Male,White,45.7051098289263,19.3061700550977,362,2014.2,2,2,3,7,10,8,55,81,30,232
41,team9,Male,White,46.2051098289263,19.8061700550977,363,2015.1,3,2,2,5,11,8,46,83,40,195
41,team9,Male,White,46.7051098289263,20.3061700550977,364,2015.2,4,6,0,7,8,12,40,89,33,200
41,team9,Male,White,47.2051098289263,20.8061700550977,365,2016.1,5,4,5,10,10,13,48,81,34,204
41,team9,Male,White,47.7051098289263,21.3061700550977,366,2016.2,6,3,0,3,5,12,36,83,32,209
41,team9,Male,White,48.2051098289263,21.8061700550977,367,2017.1,7,2,2,3,14,6,35,83,39,194
41,team9,Male,White,48.7051098289263,22.3061700550977,368,2017.2,8,1,0,3,9,5,62,99,42,174
41,team9,Male,White,49.2051098289263,22.8061700550977,369,2018.1,9,4,1,8,12,7,40,82,29,179
42,team7,Male,White,26.7960495291433,9.08652619958147,370,2014.1,1,4,5,6,8,10,29,83,37,221
42,team7,Male,White,27.2960495291433,9.58652619958147,371,2014.2,2,3,3,2,10,8,45,96,35,213
42,team7,Male,White,27.7960495291433,10.0865261995815,372,2015.1,3,4,2,5,9,10,57,81,26,199
42,team7,Male,White,28.2960495291433,10.5865261995815,373,2015.2,4,1,0,5,10,11,48,89,29,182
42,team7,Male,White,28.7960495291433,11.0865261995815,374,2016.1,5,4,2,11,7,10,46,90,36,201
42,team7,Male,White,29.2960495291433,11.5865261995815,375,2016.2,6,2,2,7,6,14,37,79,35,204
42,team7,Male,White,29.7960495291433,12.0865261995815,376,2017.1,7,0,1,4,12,7,41,81,31,177
42,team7,Male,White,30.2960495291433,12.5865261995815,377,2017.2,8,1,0,6,6,10,36,83,36,206
42,team7,Male,White,30.7960495291433,13.0865261995815,378,2018.1,9,2,3,7,14,8,39,90,38,212
43,team8,Male,White,37.6653935889205,15.7316246238588,379,2014.1,1,2,3,4,12,9,46,82,37,206
43,team8,Male,White,38.1653935889205,16.2316246238588,380,2014.2,2,3,0,3,12,8,44,85,46,230
43,team8,Male,White,38.6653935889205,16.7316246238588,381,2015.1,3,1,3,5,12,9,48,92,29,173
43,team8,Male,White,39.1653935889205,17.2316246238588,382,2015.2,4,5,0,11,13,11,42,65,35,186
43,team8,Male,White,39.6653935889205,17.7316246238588,383,2016.1,5,3,1,1,7,2,31,90,38,188
43,team8,Male,White,40.1653935889205,18.2316246238588,384,2016.2,6,3,1,8,5,9,41,97,31,203
43,team8,Male,White,40.6653935889205,18.7316246238588,385,2017.1,7,0,1,8,9,6,54,79,29,206
43,team8,Male,White,41.1653935889205,19.2316246238588,386,2017.2,8,3,1,6,13,9,46,81,32,198
43,team8,Male,White,41.6653935889205,19.7316246238588,387,2018.1,9,4,1,4,12,8,32,79,31,208
44,team6,Male,Other,42.9336547451722,8.30787094873674,388,2014.1,1,2,1,8,12,7,51,80,31,184
44,team6,Male,Other,43.4336547451722,8.80787094873674,389,2014.2,2,1,2,0,8,7,46,88,39,187
44,team6,Male,Other,43.9336547451722,9.30787094873674,390,2015.1,3,2,4,1,5,8,45,85,33,201
44,team6,Male,Other,44.4336547451722,9.80787094873674,391,2015.2,4,0,1,12,11,6,52,85,27,200
44,team6,Male,Other,44.9336547451722,10.3078709487367,392,2016.1,5,2,2,1,4,10,50,91,39,190
44,team6,Male,Other,45.4336547451722,10.8078709487367,393,2016.2,6,1,5,7,12,7,34,90,39,238
44,team6,Male,Other,45.9336547451722,11.3078709487367,394,2017.1,7,0,3,3,18,9,46,84,31,187
44,team6,Male,Other,46.4336547451722,11.8078709487367,395,2017.2,8,2,4,6,18,8,46,76,25,204
44,team6,Male,Other,46.9336547451722,12.3078709487367,396,2018.1,9,0,4,7,14,10,44,96,32,216
45,team10,Female,White,25.6294482916759,2.92258866599169,397,2014.1,1,0,1,5,3,4,48,91,36,186
45,team10,Female,White,26.1294482916759,3.42258866599169,398,2014.2,2,3,3,7,13,12,48,82,31,204
45,team10,Female,White,26.6294482916759,3.92258866599169,399,2015.1,3,0,0,2,10,8,46,73,27,198
45,team10,Female,White,27.1294482916759,4.42258866599169,400,2015.2,4,1,4,0,17,13,34,79,34,193
45,team10,Female,White,27.6294482916759,4.92258866599169,401,2016.1,5,1,0,3,13,4,48,78,34,208
45,team10,Female,White,28.1294482916759,5.42258866599169,402,2016.2,6,3,1,6,10,7,60,99,33,222
45,team10,Female,White,28.6294482916759,5.92258866599169,403,2017.1,7,1,5,4,8,12,48,96,32,218
45,team10,Female,White,29.1294482916759,6.42258866599169,404,2017.2,8,2,0,6,10,12,36,79,33,205
45,team10,Female,White,29.6294482916759,6.92258866599169,405,2018.1,9,1,2,7,7,12,41,87,47,210
46,team7,Male,White,46.8599434978378,13.0595906105222,406,2014.1,1,2,2,7,8,7,43,111,35,212
46,team7,Male,White,47.3599434978378,13.5595906105222,407,2014.2,2,1,2,12,11,8,35,89,23,217
46,team7,Male,White,47.8599434978378,14.0595906105222,408,2015.1,3,2,4,3,13,3,55,94,33,196
46,team7,Male,White,48.3599434978378,14.5595906105222,409,2015.2,4,1,1,5,13,10,34,75,25,213
46,team7,Male,White,48.8599434978378,15.0595906105222,410,2016.1,5,4,0,7,12,6,43,92,26,222
46,team7,Male,White,49.3599434978378,15.5595906105222,411,2016.2,6,4,1,7,3,5,42,76,25,195
46,team7,Male,White,49.8599434978378,16.0595906105222,412,2017.1,7,1,1,6,7,7,44,91,40,227
46,team7,Male,White,50.3599434978378,16.5595906105222,413,2017.2,8,2,3,5,9,4,46,93,36,196
46,team7,Male,White,50.8599434978378,17.0595906105222,414,2018.1,9,2,3,5,18,7,43,89,36,202
47,team3,Male,White,33.2076774652922,8.0984093315192,415,2014.1,1,1,1,8,2,6,42,75,34,208
47,team3,Male,White,33.7076774652922,8.5984093315192,416,2014.2,2,2,3,2,12,9,39,93,34,199
47,team3,Male,White,34.2076774652922,9.0984093315192,417,2015.1,3,1,1,5,9,14,44,64,25,187
47,team3,Male,White,34.7076774652922,9.5984093315192,418,2015.2,4,4,4,8,13,5,54,96,30,192
47,team3,Male,White,35.2076774652922,10.0984093315192,419,2016.1,5,2,1,2,9,5,46,98,36,194
47,team3,Male,White,35.7076774652922,10.5984093315192,420,2016.2,6,3,0,5,14,3,39,97,44,222
47,team3,Male,White,36.2076774652922,11.0984093315192,421,2017.1,7,2,0,6,9,6,57,75,31,220
47,team3,Male,White,36.7076774652922,11.5984093315192,422,2017.2,8,4,2,1,12,8,43,76,27,194
47,team3,Male,White,37.2076774652922,12.0984093315192,423,2018.1,9,2,0,1,11,11,46,79,42,214
48,team10,Male,White,38.9506530687445,6.46029302830088,424,2014.1,1,4,1,4,14,8,29,63,24,208
48,team10,Male,White,39.4506530687445,6.96029302830088,425,2014.2,2,4,1,1,9,14,41,90,23,203
48,team10,Male,White,39.9506530687445,7.46029302830088,426,2015.1,3,0,2,2,14,9,49,85,37,216
48,team10,Male,White,40.4506530687445,7.96029302830088,427,2015.2,4,0,2,5,17,12,48,91,30,194
48,team10,Male,White,40.9506530687445,8.46029302830088,428,2016.1,5,2,0,4,8,9,39,79,25,216
48,team10,Male,White,41.4506530687445,8.96029302830088,429,2016.2,6,4,0,4,13,7,25,75,33,192
48,team10,Male,White,41.9506530687445,9.46029302830088,430,2017.1,7,1,2,11,10,4,42,93,35,227
48,team10,Male,White,42.4506530687445,9.96029302830088,431,2017.2,8,1,1,3,9,13,37,89,28,223
48,team10,Male,White,42.9506530687445,10.4602930283009,432,2018.1,9,4,0,7,7,10,45,90,33,186
49,team6,Male,White,35.6421907873079,6.86543243136264,433,2014.1,1,1,3,4,14,6,36,96,39,218
49,team6,Male,White,36.1421907873079,7.36543243136264,434,2014.2,2,3,4,3,13,14,40,94,39,194
49,team6,Male,White,36.6421907873079,7.86543243136264,435,2015.1,3,3,0,4,16,13,46,100,38,201
49,team6,Male,White,37.1421907873079,8.36543243136264,436,2015.2,4,3,2,2,6,5,27,94,22,201
49,team6,Male,White,37.6421907873079,8.86543243136264,437,2016.1,5,1,2,4,11,8,41,84,28,204
49,team6,Male,White,38.1421907873079,9.36543243136264,438,2016.2,6,1,2,4,16,8,53,79,34,207
49,team6,Male,White,38.6421907873079,9.86543243136264,439,2017.1,7,7,1,6,13,3,46,84,29,181
49,team6,Male,White,39.1421907873079,10.3654324313626,440,2017.2,8,2,2,7,9,8,54,79,30,196
49,team6,Male,White,39.6421907873079,10.8654324313626,441,2018.1,9,0,2,8,7,4,31,99,34,190
50,team8,Male,White,48.0331072685311,16.465418175052,442,2014.1,1,2,3,7,10,8,46,92,34,194
50,team8,Male,White,48.5331072685311,16.965418175052,443,2014.2,2,0,4,5,12,10,42,83,31,194
50,team8,Male,White,49.0331072685311,17.465418175052,444,2015.1,3,2,1,6,16,13,34,93,36,205
50,team8,Male,White,49.5331072685312,17.965418175052,445,2015.2,4,2,2,4,9,12,50,98,28,223
50,team8,Male,White,50.0331072685312,18.465418175052,446,2016.1,5,1,3,3,9,8,44,91,37,212
50,team8,Male,White,50.5331072685311,18.965418175052,447,2016.2,6,3,5,5,13,7,48,82,33,179
50,team8,Male,White,51.0331072685311,19.465418175052,448,2017.1,7,4,2,7,12,9,36,84,33,219
50,team8,Male,White,51.5331072685311,19.965418175052,449,2017.2,8,0,2,3,13,6,47,107,36,192
50,team8,Male,White,52.0331072685312,20.465418175052,450,2018.1,9,3,4,6,13,7,34,87,36,183
51,team2,Male,Asian,26.6711665531763,18.9766511708916,451,2014.1,1,3,2,6,8,9,32,82,29,205
51,team2,Male,Asian,27.1711665531763,19.4766511708916,452,2014.2,2,3,0,3,17,5,53,79,33,200
51,team2,Male,Asian,27.6711665531763,19.9766511708916,453,2015.1,3,6,6,4,11,5,43,85,28,195
51,team2,Male,Asian,28.1711665531763,20.4766511708916,454,2015.2,4,4,2,5,15,17,47,92,46,189
51,team2,Male,Asian,28.6711665531763,20.9766511708916,455,2016.1,5,2,3,7,15,10,36,94,22,195
51,team2,Male,Asian,29.1711665531763,21.4766511708916,456,2016.2,6,1,1,10,10,4,46,71,29,192
51,team2,Male,Asian,29.6711665531763,21.9766511708916,457,2017.1,7,4,1,8,10,8,44,75,43,197
51,team2,Male,Asian,30.1711665531763,22.4766511708916,458,2017.2,8,0,1,9,12,10,37,86,24,214
51,team2,Male,Asian,30.6711665531763,22.9766511708916,459,2018.1,9,0,3,6,6,5,42,119,42,204
52,team2,Male,White,35.9877425488262,16.0382947013777,460,2014.1,1,1,0,2,13,6,52,76,40,183
52,team2,Male,White,36.4877425488262,16.5382947013777,461,2014.2,2,3,0,7,7,10,49,84,30,189
52,team2,Male,White,36.9877425488262,17.0382947013777,462,2015.1,3,2,3,2,10,5,46,71,27,214
52,team2,Male,White,37.4877425488262,17.5382947013776,463,2015.2,4,2,1,10,11,7,48,88,33,196
52,team2,Male,White,37.9877425488262,18.0382947013776,464,2016.1,5,2,1,7,12,1,39,106,35,202
52,team2,Male,White,38.4877425488262,18.5382947013777,465,2016.2,6,1,1,4,12,5,35,87,33,212
52,team2,Male,White,38.9877425488262,19.0382947013777,466,2017.1,7,2,0,6,11,9,36,85,35,182
52,team2,Male,White,39.4877425488262,19.5382947013777,467,2017.2,8,1,4,6,10,8,40,62,38,209
52,team2,Male,White,39.9877425488262,20.0382947013776,468,2018.1,9,1,2,2,10,5,32,78,38,202
53,team6,Male,White,30.3275779837233,9.37957843600658,469,2014.1,1,1,0,5,13,10,37,85,31,185
53,team6,Male,White,30.8275779837233,9.87957843600658,470,2014.2,2,3,1,5,12,12,35,74,21,186
53,team6,Male,White,31.3275779837233,10.3795784360066,471,2015.1,3,2,3,10,15,5,48,91,35,213
53,team6,Male,White,31.8275779837233,10.8795784360066,472,2015.2,4,2,1,6,17,11,48,74,24,198
53,team6,Male,White,32.3275779837233,11.3795784360066,473,2016.1,5,3,2,4,10,7,56,83,32,212
53,team6,Male,White,32.8275779837233,11.8795784360066,474,2016.2,6,2,0,4,10,8,50,81,40,210
53,team6,Male,White,33.3275779837233,12.3795784360066,475,2017.1,7,1,3,6,10,11,43,84,33,196
53,team6,Male,White,33.8275779837233,12.8795784360066,476,2017.2,8,2,1,7,11,12,50,85,34,183
53,team6,Male,White,34.3275779837233,13.3795784360066,477,2018.1,9,2,2,6,8,7,44,95,31,210
54,team6,Male,White,39.8457991236145,3.98966638316111,478,2014.1,1,5,3,7,11,5,34,84,34,190
54,team6,Male,White,40.3457991236145,4.48966638316111,479,2014.2,2,1,1,9,9,6,39,91,36,211
54,team6,Male,White,40.8457991236145,4.98966638316111,480,2015.1,3,2,0,5,13,10,55,86,31,187
54,team6,Male,White,41.3457991236145,5.48966638316111,481,2015.2,4,0,0,8,10,10,57,96,31,204
54,team6,Male,White,41.8457991236145,5.98966638316111,482,2016.1,5,5,3,8,11,14,43,79,31,215
54,team6,Male,White,42.3457991236145,6.48966638316111,483,2016.2,6,1,1,6,12,12,44,92,31,201
54,team6,Male,White,42.8457991236145,6.98966638316111,484,2017.1,7,3,0,6,9,6,48,78,25,218
54,team6,Male,White,43.3457991236145,7.48966638316111,485,2017.2,8,5,0,5,10,3,33,78,32,222
54,team6,Male,White,43.8457991236145,7.98966638316111,486,2018.1,9,5,1,5,11,8,38,85,31,210
55,team1,Male,White,52.6048354114864,11.9573839204715,487,2014.1,1,2,2,3,11,7,46,91,32,240
55,team1,Male,White,53.1048354114864,12.4573839204714,488,2014.2,2,3,3,3,16,6,54,78,31,175
55,team1,Male,White,53.6048354114864,12.9573839204714,489,2015.1,3,2,0,6,13,8,38,76,39,180
55,team1,Male,White,54.1048354114864,13.4573839204714,490,2015.2,4,2,1,7,10,8,58,90,33,185
55,team1,Male,White,54.6048354114864,13.9573839204715,491,2016.1,5,2,2,6,10,7,42,88,29,208
55,team1,Male,White,55.1048354114864,14.4573839204715,492,2016.2,6,3,0,6,7,4,32,86,35,218
55,team1,Male,White,55.6048354114864,14.9573839204714,493,2017.1,7,1,2,4,11,5,42,90,24,185
55,team1,Male,White,56.1048354114864,15.4573839204714,494,2017.2,8,0,2,7,9,10,48,79,33,223
55,team1,Male,White,56.6048354114864,15.9573839204714,495,2018.1,9,1,1,3,11,8,48,90,35,185
56,team3,Male,White,26.3985209422477,16.5898525557601,496,2014.1,1,2,2,5,15,5,45,90,30,193
56,team3,Male,White,26.8985209422477,17.0898525557601,497,2014.2,2,1,0,8,8,6,40,81,20,203
56,team3,Male,White,27.3985209422477,17.5898525557601,498,2015.1,3,2,0,4,10,11,41,78,38,196
56,team3,Male,White,27.8985209422477,18.0898525557601,499,2015.2,4,2,1,3,11,11,54,84,29,200
56,team3,Male,White,28.3985209422477,18.5898525557601,500,2016.1,5,1,1,8,16,10,42,98,33,193
56,team3,Male,White,28.8985209422477,19.0898525557601,501,2016.2,6,3,0,7,10,11,38,101,32,215
56,team3,Male,White,29.3985209422477,19.5898525557601,502,2017.1,7,2,1,1,15,15,41,87,23,194
56,team3,Male,White,29.8985209422477,20.0898525557601,503,2017.2,8,0,1,4,7,7,48,81,21,209
56,team3,Male,White,30.3985209422477,20.5898525557601,504,2018.1,9,2,4,9,12,6,45,109,29,172
57,team3,Male,Black,36.5680480459157,15.1544508663078,505,2014.1,1,2,0,3,11,9,40,84,45,189
57,team3,Male,Black,37.0680480459157,15.6544508663078,506,2014.2,2,1,2,2,7,12,40,95,25,216
57,team3,Male,Black,37.5680480459157,16.1544508663078,507,2015.1,3,4,2,10,5,7,48,88,31,189
57,team3,Male,Black,38.0680480459157,16.6544508663078,508,2015.2,4,4,2,3,8,5,49,80,35,180
57,team3,Male,Black,38.5680480459157,17.1544508663078,509,2016.1,5,1,1,11,14,8,36,86,35,208
57,team3,Male,Black,39.0680480459157,17.6544508663078,510,2016.2,6,5,2,4,9,9,40,76,38,189
57,team3,Male,Black,39.5680480459157,18.1544508663078,511,2017.1,7,5,3,9,7,7,43,109,39,202
57,team3,Male,Black,40.0680480459157,18.6544508663078,512,2017.2,8,3,0,3,10,7,40,105,35,182
57,team3,Male,Black,40.5680480459157,19.1544508663078,513,2018.1,9,5,3,5,11,10,44,88,38,196
58,team8,Male,White,35.9691044697272,12.4354871952691,514,2014.1,1,4,1,4,6,10,51,88,43,187
58,team8,Male,White,36.4691044697272,12.9354871952691,515,2014.2,2,2,1,5,9,12,35,79,33,192
58,team8,Male,White,36.9691044697272,13.4354871952691,516,2015.1,3,2,2,7,12,8,45,89,38,201
58,team8,Male,White,37.4691044697272,13.9354871952691,517,2015.2,4,2,1,9,16,10,39,86,34,212
58,team8,Male,White,37.9691044697272,14.4354871952691,518,2016.1,5,0,3,5,12,13,42,81,37,187
58,team8,Male,White,38.4691044697272,14.9354871952691,519,2016.2,6,3,3,4,13,4,52,78,31,219
58,team8,Male,White,38.9691044697272,15.4354871952691,520,2017.1,7,1,3,5,8,3,42,85,36,192
58,team8,Male,White,39.4691044697272,15.9354871952691,521,2017.2,8,3,0,4,10,11,51,85,32,205
58,team8,Male,White,39.9691044697272,16.4354871952691,522,2018.1,9,2,1,5,12,7,40,86,46,185
59,team6,Male,White,47.7911514817887,11.9555339751375,523,2014.1,1,2,1,5,18,7,40,100,36,193
59,team6,Male,White,48.2911514817887,12.4555339751375,524,2014.2,2,1,2,4,5,9,41,84,35,200
59,team6,Male,White,48.7911514817887,12.9555339751375,525,2015.1,3,4,3,6,13,9,33,84,29,189
59,team6,Male,White,49.2911514817887,13.4555339751375,526,2015.2,4,2,0,5,16,5,37,80,35,194
59,team6,Male,White,49.7911514817887,13.9555339751375,527,2016.1,5,3,0,8,11,7,43,81,32,189
59,team6,Male,White,50.2911514817887,14.4555339751375,528,2016.2,6,1,0,7,4,10,51,91,32,199
59,team6,Male,White,50.7911514817887,14.9555339751375,529,2017.1,7,0,1,7,18,7,45,98,38,176
59,team6,Male,White,51.2911514817887,15.4555339751375,530,2017.2,8,1,1,4,8,7,37,74,24,215
59,team6,Male,White,51.7911514817887,15.9555339751375,531,2018.1,9,3,1,5,5,8,51,87,32,194
60,team7,Male,White,30.1270103183729,6.41319997241136,532,2014.1,1,2,4,6,14,10,44,83,29,215
60,team7,Male,White,30.6270103183729,6.91319997241136,533,2014.2,2,4,4,7,10,12,56,77,46,191
60,team7,Male,White,31.1270103183729,7.41319997241136,534,2015.1,3,4,3,8,9,6,45,83,38,183
60,team7,Male,White,31.6270103183729,7.91319997241136,535,2015.2,4,4,1,8,9,10,35,92,38,187
60,team7,Male,White,32.1270103183729,8.41319997241136,536,2016.1,5,4,0,3,5,14,46,83,33,208
60,team7,Male,White,32.6270103183729,8.91319997241136,537,2016.2,6,5,1,2,14,5,44,87,26,199
60,team7,Male,White,33.1270103183729,9.41319997241136,538,2017.1,7,6,0,5,17,12,51,76,39,180
60,team7,Male,White,33.6270103183729,9.91319997241136,539,2017.2,8,2,1,7,14,5,51,97,27,204
60,team7,Male,White,34.1270103183729,10.4131999724114,540,2018.1,9,1,2,7,14,8,46,82,31,193
61,team6,Male,White,40.4760472086319,13.1077876933171,541,2014.1,1,3,5,5,10,10,33,85,31,186
61,team6,Male,White,40.9760472086319,13.6077876933171,542,2014.2,2,3,1,5,10,5,62,80,35,219
61,team6,Male,White,41.4760472086319,14.1077876933171,543,2015.1,3,2,5,10,15,7,35,83,38,194
61,team6,Male,White,41.9760472086319,14.6077876933171,544,2015.2,4,1,1,8,13,8,52,80,30,227
61,team6,Male,White,42.4760472086319,15.1077876933171,545,2016.1,5,3,1,6,11,8,50,75,22,201
61,team6,Male,White,42.9760472086319,15.6077876933171,546,2016.2,6,1,3,8,10,10,41,79,29,211
61,team6,Male,White,43.4760472086319,16.1077876933171,547,2017.1,7,1,0,4,7,8,36,77,32,187
61,team6,Male,White,43.9760472086319,16.6077876933171,548,2017.2,8,2,2,5,3,7,44,99,44,191
61,team6,Male,White,44.4760472086319,17.1077876933171,549,2018.1,9,2,1,6,11,10,43,88,36,216
62,team8,Female,White,48.8786351650616,11.0901449768331,550,2014.1,1,0,1,4,5,5,48,88,20,202
62,team8,Female,White,49.3786351650616,11.5901449768331,551,2014.2,2,1,0,2,12,7,35,92,43,199
62,team8,Female,White,49.8786351650616,12.0901449768331,552,2015.1,3,6,3,2,10,11,45,99,37,175
62,team8,Female,White,50.3786351650616,12.5901449768331,553,2015.2,4,2,0,7,8,10,45,90,32,217
62,team8,Female,White,50.8786351650616,13.0901449768331,554,2016.1,5,3,0,7,14,4,36,83,33,193
62,team8,Female,White,51.3786351650616,13.5901449768331,555,2016.2,6,4,1,6,16,10,24,99,25,212
62,team8,Female,White,51.8786351650616,14.0901449768331,556,2017.1,7,2,1,7,6,7,37,97,39,215
62,team8,Female,White,52.3786351650616,14.5901449768331,557,2017.2,8,3,4,6,9,14,46,74,39,201
62,team8,Female,White,52.8786351650616,15.0901449768331,558,2018.1,9,0,2,9,16,11,42,82,26,204
63,team7,Male,White,35.1748458400231,11.1534564255142,559,2014.1,1,3,2,6,11,7,50,91,24,184
63,team7,Male,White,35.6748458400231,11.6534564255142,560,2014.2,2,2,2,8,3,3,40,88,33,200
63,team7,Male,White,36.1748458400231,12.1534564255142,561,2015.1,3,1,3,6,11,4,45,86,29,188
63,team7,Male,White,36.6748458400231,12.6534564255142,562,2015.2,4,4,1,5,11,10,50,87,24,201
63,team7,Male,White,37.1748458400231,13.1534564255142,563,2016.1,5,5,3,5,10,7,46,74,37,195
63,team7,Male,White,37.6748458400231,13.6534564255142,564,2016.2,6,3,4,4,8,10,50,96,47,205
63,team7,Male,White,38.1748458400231,14.1534564255142,565,2017.1,7,2,4,5,10,7,37,90,35,199
63,team7,Male,White,38.6748458400231,14.6534564255142,566,2017.2,8,2,3,5,13,7,42,72,37,196
63,team7,Male,White,39.1748458400231,15.1534564255142,567,2018.1,9,4,2,3,13,9,53,87,35,178
64,team1,Male,White,32.0584999003264,9.74979893975247,568,2014.1,1,3,3,4,6,5,39,86,29,214
64,team1,Male,White,32.5584999003264,10.2497989397525,569,2014.2,2,4,1,4,9,12,40,95,38,186
64,team1,Male,White,33.0584999003264,10.7497989397525,570,2015.1,3,7,3,5,10,6,48,101,30,203
64,team1,Male,White,33.5584999003264,11.2497989397525,571,2015.2,4,1,1,4,14,9,26,92,34,226
64,team1,Male,White,34.0584999003264,11.7497989397525,572,2016.1,5,3,1,6,13,11,40,97,40,174
64,team1,Male,White,34.5584999003264,12.2497989397525,573,2016.2,6,1,1,9,8,15,46,90,33,167
64,team1,Male,White,35.0584999003264,12.7497989397525,574,2017.1,7,1,1,7,8,12,47,92,24,217
64,team1,Male,White,35.5584999003264,13.2497989397525,575,2017.2,8,2,2,2,15,8,45,70,34,217
64,team1,Male,White,36.0584999003264,13.7497989397525,576,2018.1,9,3,2,5,9,12,51,82,27,193
65,team4,Female,White,35.8717504567936,4.77832067897939,577,2014.1,1,1,0,4,8,4,45,76,32,178
65,team4,Female,White,36.3717504567936,5.27832067897939,578,2014.2,2,2,1,12,9,9,46,78,25,188
65,team4,Female,White,36.8717504567936,5.77832067897939,579,2015.1,3,0,0,6,7,13,40,85,39,186
65,team4,Female,White,37.3717504567936,6.27832067897939,580,2015.2,4,1,2,2,12,12,43,75,34,199
65,team4,Female,White,37.8717504567936,6.77832067897939,581,2016.1,5,3,1,4,14,8,33,83,35,214
65,team4,Female,White,38.3717504567936,7.27832067897939,582,2016.2,6,5,0,5,10,9,44,85,30,203
65,team4,Female,White,38.8717504567936,7.77832067897939,583,2017.1,7,6,1,9,7,9,51,96,40,183
65,team4,Female,White,39.3717504567936,8.27832067897939,584,2017.2,8,1,1,5,14,9,50,91,32,214
65,team4,Female,White,39.8717504567936,8.77832067897939,585,2018.1,9,0,3,5,12,7,39,84,28,213
66,team8,Male,White,40.5092527940661,7.71773499315259,586,2014.1,1,6,1,9,8,12,63,80,29,197
66,team8,Male,White,41.0092527940661,8.21773499315259,587,2014.2,2,0,1,5,20,10,50,91,39,221
66,team8,Male,White,41.5092527940661,8.71773499315259,588,2015.1,3,2,2,7,14,9,40,87,28,200
66,team8,Male,White,42.0092527940661,9.21773499315259,589,2015.2,4,5,2,3,14,5,36,89,38,210
66,team8,Male,White,42.5092527940661,9.71773499315259,590,2016.1,5,3,6,2,13,6,52,88,28,206
66,team8,Male,White,43.0092527940661,10.2177349931526,591,2016.2,6,4,1,5,16,5,36,90,34,196
66,team8,Male,White,43.5092527940661,10.7177349931526,592,2017.1,7,1,1,3,8,10,39,88,27,219
66,team8,Male,White,44.0092527940661,11.2177349931526,593,2017.2,8,3,1,8,13,9,58,76,31,208
66,team8,Male,White,44.5092527940661,11.7177349931526,594,2018.1,9,2,4,5,9,11,44,85,35,231
67,team9,Male,White,29.9052223065365,14.7835399968208,595,2014.1,1,3,2,4,5,8,49,92,40,251
67,team9,Male,White,30.4052223065365,15.2835399968208,596,2014.2,2,1,3,3,10,13,54,93,38,188
67,team9,Male,White,30.9052223065365,15.7835399968208,597,2015.1,3,4,4,4,14,6,30,109,24,187
67,team9,Male,White,31.4052223065365,16.2835399968208,598,2015.2,4,4,0,7,9,12,50,84,24,174
67,team9,Male,White,31.9052223065365,16.7835399968208,599,2016.1,5,2,4,6,9,9,42,79,32,198
67,team9,Male,White,32.4052223065365,17.2835399968208,600,2016.2,6,1,1,11,9,8,45,75,38,216
67,team9,Male,White,32.9052223065365,17.7835399968208,601,2017.1,7,1,3,3,8,11,45,87,35,186
67,team9,Male,White,33.4052223065365,18.2835399968208,602,2017.2,8,3,3,7,8,9,46,63,43,230
67,team9,Male,White,33.9052223065365,18.7835399968208,603,2018.1,9,3,2,6,8,11,43,81,32,206
68,team9,Male,White,48.3032656482769,11.0024262065911,604,2014.1,1,2,1,2,17,6,48,91,42,190
68,team9,Male,White,48.8032656482769,11.5024262065911,605,2014.2,2,2,3,3,6,4,39,94,30,197
68,team9,Male,White,49.3032656482769,12.0024262065911,606,2015.1,3,6,3,11,5,7,43,100,34,174
68,team9,Male,White,49.8032656482769,12.5024262065911,607,2015.2,4,0,2,5,9,6,51,100,40,190
68,team9,Male,White,50.3032656482769,13.0024262065911,608,2016.1,5,2,1,6,12,5,44,79,37,208
68,team9,Male,White,50.8032656482769,13.5024262065911,609,2016.2,6,1,3,12,9,12,39,81,32,198
68,team9,Male,White,51.3032656482769,14.0024262065911,610,2017.1,7,5,5,6,8,3,44,88,38,164
68,team9,Male,White,51.8032656482769,14.5024262065911,611,2017.2,8,1,3,6,14,12,32,95,29,215
68,team9,Male,White,52.3032656482769,15.0024262065911,612,2018.1,9,2,2,6,9,10,52,88,34,216
69,team7,Female,White,37.0394938939675,10.8761634248709,613,2014.1,1,3,3,6,8,6,42,79,31,194
69,team7,Female,White,37.5394938939675,11.3761634248709,614,2014.2,2,10,1,5,11,6,50,88,32,216
69,team7,Female,White,38.0394938939675,11.8761634248709,615,2015.1,3,0,1,4,7,8,42,69,26,229
69,team7,Female,White,38.5394938939675,12.3761634248709,616,2015.2,4,3,2,4,8,6,35,89,30,230
69,team7,Female,White,39.0394938939675,12.8761634248709,617,2016.1,5,1,2,6,7,6,44,78,28,207
69,team7,Female,White,39.5394938939675,13.3761634248709,618,2016.2,6,3,1,9,6,10,46,88,42,189
69,team7,Female,White,40.0394938939675,13.8761634248709,619,2017.1,7,3,0,6,8,1,35,101,30,190
69,team7,Female,White,40.5394938939675,14.3761634248709,620,2017.2,8,1,2,9,12,9,33,93,24,214
69,team7,Female,White,41.0394938939675,14.8761634248709,621,2018.1,9,1,2,8,12,6,50,96,41,216
70,team4,Female,Other,16.665706577581,9.83115176613204,622,2014.1,1,1,1,3,11,9,43,79,27,187
70,team4,Female,Other,17.165706577581,10.331151766132,623,2014.2,2,1,1,4,12,8,48,82,36,209
70,team4,Female,Other,17.665706577581,10.831151766132,624,2015.1,3,3,2,4,12,2,41,83,31,188
70,team4,Female,Other,18.165706577581,11.331151766132,625,2015.2,4,1,4,2,14,11,44,84,28,215
70,team4,Female,Other,18.665706577581,11.831151766132,626,2016.1,5,3,0,6,8,9,39,74,44,195
70,team4,Female,Other,19.165706577581,12.331151766132,627,2016.2,6,2,2,5,6,8,35,81,39,197
70,team4,Female,Other,19.665706577581,12.831151766132,628,2017.1,7,2,4,5,8,10,46,78,28,181
70,team4,Female,Other,20.165706577581,13.331151766132,629,2017.2,8,1,3,3,7,10,32,74,30,230
70,team4,Female,Other,20.665706577581,13.831151766132,630,2018.1,9,1,1,8,8,6,53,84,33,197
71,team7,Male,White,29.2498462672188,18.0830723018872,631,2014.1,1,4,1,3,11,6,56,92,36,196
71,team7,Male,White,29.7498462672188,18.5830723018872,632,2014.2,2,3,1,5,9,7,39,73,33,220
71,team7,Male,White,30.2498462672188,19.0830723018872,633,2015.1,3,6,0,3,12,6,43,90,44,202
71,team7,Male,White,30.7498462672188,19.5830723018872,634,2015.2,4,3,1,4,8,14,40,98,35,198
71,team7,Male,White,31.2498462672188,20.0830723018872,635,2016.1,5,2,3,2,5,14,48,77,45,194
71,team7,Male,White,31.7498462672188,20.5830723018872,636,2016.2,6,1,2,2,7,8,43,91,41,213
71,team7,Male,White,32.2498462672188,21.0830723018872,637,2017.1,7,0,1,4,12,7,40,95,24,192
71,team7,Male,White,32.7498462672188,21.5830723018872,638,2017.2,8,1,1,3,11,10,55,81,26,194
71,team7,Male,White,33.2498462672188,22.0830723018872,639,2018.1,9,1,1,8,10,8,34,78,26,167
72,team6,Male,White,47.8329685283279,10.8961249645921,640,2014.1,1,1,3,4,11,8,42,93,28,218
72,team6,Male,White,48.3329685283279,11.3961249645921,641,2014.2,2,5,2,8,11,7,60,100,36,201
72,team6,Male,White,48.8329685283279,11.8961249645921,642,2015.1,3,1,2,7,6,10,38,92,37,206
72,team6,Male,White,49.3329685283279,12.3961249645921,643,2015.2,4,1,2,6,9,4,36,87,33,209
72,team6,Male,White,49.8329685283279,12.8961249645921,644,2016.1,5,2,2,1,9,6,47,76,28,176
72,team6,Male,White,50.3329685283279,13.3961249645921,645,2016.2,6,2,1,2,10,6,48,76,41,197
72,team6,Male,White,50.8329685283279,13.8961249645921,646,2017.1,7,1,3,7,10,9,32,78,28,182
72,team6,Male,White,51.3329685283279,14.3961249645921,647,2017.2,8,1,4,3,8,7,38,82,38,208
72,team6,Male,White,51.8329685283279,14.8961249645921,648,2018.1,9,4,2,3,10,4,52,79,34,209
73,team1,Male,White,30.162187547573,12.0958192605824,649,2014.1,1,2,1,8,12,7,45,98,36,190
73,team1,Male,White,30.662187547573,12.5958192605824,650,2014.2,2,2,1,3,9,12,50,82,35,181
73,team1,Male,White,31.162187547573,13.0958192605824,651,2015.1,3,4,0,6,14,7,37,74,38,205
73,team1,Male,White,31.662187547573,13.5958192605824,652,2015.2,4,4,2,5,19,8,44,73,32,202
73,team1,Male,White,32.162187547573,14.0958192605824,653,2016.1,5,2,2,8,10,13,43,102,28,216
73,team1,Male,White,32.662187547573,14.5958192605824,654,2016.2,6,1,1,4,17,9,40,64,29,206
73,team1,Male,White,33.162187547573,15.0958192605824,655,2017.1,7,1,0,6,9,16,50,88,30,224
73,team1,Male,White,33.662187547573,15.5958192605824,656,2017.2,8,1,2,6,10,8,33,74,32,169
73,team1,Male,White,34.162187547573,16.0958192605824,657,2018.1,9,6,1,4,13,7,50,87,30,215
74,team5,Male,White,36.2894758665779,11.5759478255055,658,2014.1,1,1,3,3,14,9,39,89,30,210
74,team5,Male,White,36.7894758665779,12.0759478255055,659,2014.2,2,2,0,9,6,11,42,73,28,215
74,team5,Male,White,37.2894758665779,12.5759478255055,660,2015.1,3,1,2,10,8,3,55,79,37,187
74,team5,Male,White,37.7894758665779,13.0759478255055,661,2015.2,4,3,1,6,11,5,45,89,22,187
74,team5,Male,White,38.2894758665779,13.5759478255055,662,2016.1,5,1,1,2,22,7,43,93,26,221
74,team5,Male,White,38.7894758665779,14.0759478255055,663,2016.2,6,1,1,7,12,11,44,68,37,196
74,team5,Male,White,39.2894758665779,14.5759478255055,664,2017.1,7,2,0,6,8,16,35,76,37,217
74,team5,Male,White,39.7894758665779,15.0759478255055,665,2017.2,8,4,1,3,9,11,54,64,35,200
74,team5,Male,White,40.2894758665779,15.5759478255055,666,2018.1,9,4,0,7,11,12,47,88,40,210
75,team6,Male,Black,37.2985517485769,5.79118746164059,667,2014.1,1,1,3,5,15,6,55,91,34,191
75,team6,Male,Black,37.7985517485769,6.29118746164059,668,2014.2,2,3,3,8,11,11,40,97,28,173
75,team6,Male,Black,38.2985517485769,6.79118746164059,669,2015.1,3,0,1,4,14,17,35,93,33,218
75,team6,Male,Black,38.7985517485769,7.29118746164059,670,2015.2,4,4,2,5,8,7,46,91,33,196
75,team6,Male,Black,39.2985517485769,7.79118746164059,671,2016.1,5,0,1,5,9,4,42,79,32,217
75,team6,Male,Black,39.7985517485769,8.29118746164059,672,2016.2,6,1,1,4,18,9,41,79,40,202
75,team6,Male,Black,40.2985517485769,8.79118746164059,673,2017.1,7,4,1,7,14,3,38,76,30,193
75,team6,Male,Black,40.7985517485769,9.29118746164059,674,2017.2,8,3,0,5,8,10,47,82,31,200
75,team6,Male,Black,41.2985517485769,9.79118746164059,675,2018.1,9,1,1,4,15,11,44,64,26,189
76,team1,Female,White,25.8229738999196,10.454372774797,676,2014.1,1,1,0,9,8,7,45,108,31,194
76,team1,Female,White,26.3229738999196,10.954372774797,677,2014.2,2,1,1,7,11,6,42,80,35,230
76,team1,Female,White,26.8229738999196,11.454372774797,678,2015.1,3,1,1,4,5,10,56,84,26,207
76,team1,Female,White,27.3229738999196,11.954372774797,679,2015.2,4,3,2,7,7,9,39,89,31,211
76,team1,Female,White,27.8229738999196,12.454372774797,680,2016.1,5,4,1,5,13,4,52,81,29,212
76,team1,Female,White,28.3229738999196,12.954372774797,681,2016.2,6,2,2,10,6,9,39,91,40,204
76,team1,Female,White,28.8229738999196,13.454372774797,682,2017.1,7,1,1,7,10,7,62,76,31,193
76,team1,Female,White,29.3229738999196,13.954372774797,683,2017.2,8,3,2,8,12,2,36,100,35,180
76,team1,Female,White,29.8229738999196,14.454372774797,684,2018.1,9,3,1,9,14,9,41,92,24,208
77,team9,Male,Asian,40.4367716081794,17.4919946138886,685,2014.1,1,2,2,3,11,8,40,77,24,202
77,team9,Male,Asian,40.9367716081794,17.9919946138886,686,2014.2,2,2,5,4,14,13,39,87,27,208
77,team9,Male,Asian,41.4367716081794,18.4919946138886,687,2015.1,3,1,1,3,12,7,47,86,27,190
77,team9,Male,Asian,41.9367716081794,18.9919946138886,688,2015.2,4,1,1,6,14,11,46,84,25,186
77,team9,Male,Asian,42.4367716081794,19.4919946138886,689,2016.1,5,5,0,2,11,9,46,99,38,189
77,team9,Male,Asian,42.9367716081794,19.9919946138886,690,2016.2,6,0,1,4,15,9,42,99,35,176
77,team9,Male,Asian,43.4367716081794,20.4919946138886,691,2017.1,7,1,3,3,8,8,29,84,36,211
77,team9,Male,Asian,43.9367716081794,20.9919946138886,692,2017.2,8,2,2,4,15,10,40,81,23,192
77,team9,Male,Asian,44.4367716081794,21.4919946138886,693,2018.1,9,3,2,10,12,9,42,71,29,209
78,team7,Male,White,39.9512235576933,13.1822513489043,694,2014.1,1,2,1,5,9,10,35,80,33,208
78,team7,Male,White,40.4512235576933,13.6822513489043,695,2014.2,2,3,2,0,7,10,42,70,35,183
78,team7,Male,White,40.9512235576933,14.1822513489043,696,2015.1,3,4,2,8,21,7,40,84,37,196
78,team7,Male,White,41.4512235576933,14.6822513489043,697,2015.2,4,5,3,6,8,8,39,82,33,211
78,team7,Male,White,41.9512235576933,15.1822513489043,698,2016.1,5,4,1,6,10,7,52,90,33,192
78,team7,Male,White,42.4512235576933,15.6822513489043,699,2016.2,6,2,5,4,10,6,44,102,30,209
78,team7,Male,White,42.9512235576933,16.1822513489043,700,2017.1,7,6,2,9,11,12,36,76,31,178
78,team7,Male,White,43.4512235576933,16.6822513489043,701,2017.2,8,3,1,9,13,6,29,98,38,218
78,team7,Male,White,43.9512235576933,17.1822513489043,702,2018.1,9,1,0,6,8,12,54,83,34,212
79,team7,Male,White,50.1173272901671,3.24945289124001,703,2014.1,1,2,1,4,14,5,43,82,31,203
79,team7,Male,White,50.6173272901671,3.74945289124001,704,2014.2,2,3,1,4,3,6,37,99,24,216
79,team7,Male,White,51.1173272901671,4.24945289124001,705,2015.1,3,2,3,4,11,10,51,92,37,195
79,team7,Male,White,51.6173272901671,4.74945289124001,706,2015.2,4,6,2,8,17,9,51,86,33,209
79,team7,Male,White,52.1173272901671,5.24945289124001,707,2016.1,5,1,3,2,14,5,47,87,43,190
79,team7,Male,White,52.6173272901671,5.74945289124001,708,2016.2,6,2,3,11,8,6,43,79,28,192
79,team7,Male,White,53.1173272901671,6.24945289124001,709,2017.1,7,2,1,5,9,11,40,86,31,193
79,team7,Male,White,53.6173272901671,6.74945289124001,710,2017.2,8,5,1,9,19,7,42,100,27,191
79,team7,Male,White,54.1173272901671,7.24945289124001,711,2018.1,9,1,2,7,10,12,45,83,36,195
80,team3,Male,White,44.2416002676104,11.2021798399961,712,2014.1,1,0,2,4,13,4,45,99,37,192
80,team3,Male,White,44.7416002676103,11.7021798399961,713,2014.2,2,0,2,6,7,5,46,85,26,182
80,team3,Male,White,45.2416002676103,12.2021798399961,714,2015.1,3,1,1,3,13,4,50,73,36,206
80,team3,Male,White,45.7416002676103,12.7021798399961,715,2015.2,4,4,3,5,12,5,43,96,21,204
80,team3,Male,White,46.2416002676104,13.2021798399961,716,2016.1,5,0,2,6,7,14,50,90,38,198
80,team3,Male,White,46.7416002676104,13.7021798399961,717,2016.2,6,5,1,10,17,13,46,97,38,204
80,team3,Male,White,47.2416002676104,14.2021798399961,718,2017.1,7,1,0,5,13,7,36,75,39,203
80,team3,Male,White,47.7416002676103,14.7021798399961,719,2017.2,8,2,2,2,14,9,39,81,22,200
80,team3,Male,White,48.2416002676104,15.2021798399961,720,2018.1,9,3,2,6,10,7,43,72,31,213
81,team6,Male,White,37.5726721724781,13.7114554194826,721,2014.1,1,3,1,4,7,6,44,88,28,203
81,team6,Male,White,38.0726721724781,14.2114554194826,722,2014.2,2,3,0,9,7,5,33,95,43,199
81,team6,Male,White,38.5726721724781,14.7114554194826,723,2015.1,3,7,2,5,9,6,43,92,43,205
81,team6,Male,White,39.0726721724781,15.2114554194826,724,2015.2,4,5,2,5,15,7,43,89,28,186
81,team6,Male,White,39.5726721724781,15.7114554194826,725,2016.1,5,1,2,9,9,5,42,97,33,221
81,team6,Male,White,40.0726721724781,16.2114554194826,726,2016.2,6,3,3,4,10,8,34,82,41,210
81,team6,Male,White,40.5726721724781,16.7114554194826,727,2017.1,7,2,1,5,9,9,54,87,38,213
81,team6,Male,White,41.0726721724781,17.2114554194826,728,2017.2,8,6,3,3,6,6,40,87,29,198
81,team6,Male,White,41.5726721724781,17.7114554194826,729,2018.1,9,2,3,5,15,8,35,76,32,188
82,team2,Male,Other,36.4223336658799,10.4102778362117,730,2014.1,1,2,0,3,13,9,41,85,28,206
82,team2,Male,Other,36.9223336658799,10.9102778362117,731,2014.2,2,3,0,13,12,10,54,90,30,226
82,team2,Male,Other,37.4223336658799,11.4102778362117,732,2015.1,3,1,2,1,5,7,37,91,40,215
82,team2,Male,Other,37.9223336658799,11.9102778362117,733,2015.2,4,0,1,7,10,8,46,89,43,190
82,team2,Male,Other,38.4223336658799,12.4102778362117,734,2016.1,5,4,2,4,8,7,33,90,32,189
82,team2,Male,Other,38.9223336658799,12.9102778362117,735,2016.2,6,3,4,5,10,4,55,83,31,205
82,team2,Male,Other,39.4223336658799,13.4102778362117,736,2017.1,7,2,2,3,11,9,43,88,32,189
82,team2,Male,Other,39.9223336658799,13.9102778362117,737,2017.2,8,2,1,2,10,8,45,91,29,202
82,team2,Male,Other,40.4223336658799,14.4102778362117,738,2018.1,9,1,2,4,11,3,36,90,33,192
83,team10,Male,White,41.2425140160347,14.8700280283709,739,2014.1,1,3,2,8,8,7,36,73,32,215
83,team10,Male,White,41.7425140160347,15.3700280283709,740,2014.2,2,2,0,7,10,10,45,82,27,202
83,team10,Male,White,42.2425140160347,15.8700280283709,741,2015.1,3,0,2,2,9,4,44,75,24,167
83,team10,Male,White,42.7425140160347,16.3700280283709,742,2015.2,4,4,3,6,13,6,37,91,27,222
83,team10,Male,White,43.2425140160347,16.8700280283709,743,2016.1,5,4,1,4,11,8,43,85,29,213
83,team10,Male,White,43.7425140160347,17.3700280283709,744,2016.2,6,3,1,6,9,8,44,95,48,198
83,team10,Male,White,44.2425140160347,17.8700280283709,745,2017.1,7,0,1,7,11,7,50,83,33,225
83,team10,Male,White,44.7425140160347,18.3700280283709,746,2017.2,8,2,0,8,9,11,44,76,37,202
83,team10,Male,White,45.2425140160347,18.8700280283709,747,2018.1,9,2,4,7,15,9,49,81,28,194
84,team10,Male,White,30.7880589827803,9.90212346747975,748,2014.1,1,2,1,4,14,4,42,104,33,202
84,team10,Male,White,31.2880589827803,10.4021234674798,749,2014.2,2,3,4,4,9,9,40,96,40,194
84,team10,Male,White,31.7880589827803,10.9021234674798,750,2015.1,3,1,1,3,11,10,42,82,32,207
84,team10,Male,White,32.2880589827803,11.4021234674798,751,2015.2,4,2,3,5,11,5,49,84,37,200
84,team10,Male,White,32.7880589827803,11.9021234674798,752,2016.1,5,1,1,7,6,6,59,89,31,208
84,team10,Male,White,33.2880589827803,12.4021234674798,753,2016.2,6,5,0,4,9,11,43,84,32,208
84,team10,Male,White,33.7880589827803,12.9021234674798,754,2017.1,7,3,4,5,11,10,39,89,25,205
84,team10,Male,White,34.2880589827803,13.4021234674798,755,2017.2,8,1,3,7,8,8,43,80,37,181
84,team10,Male,White,34.7880589827803,13.9021234674798,756,2018.1,9,5,2,5,11,4,37,65,22,176
85,team7,Male,White,37.7379497313564,5.33327235233224,757,2014.1,1,0,2,9,10,9,42,86,29,185
85,team7,Male,White,38.2379497313564,5.83327235233224,758,2014.2,2,0,0,5,12,2,53,89,24,202
85,team7,Male,White,38.7379497313564,6.33327235233224,759,2015.1,3,1,0,4,8,3,48,100,31,186
85,team7,Male,White,39.2379497313564,6.83327235233224,760,2015.2,4,3,0,5,9,9,38,87,46,209
85,team7,Male,White,39.7379497313564,7.33327235233224,761,2016.1,5,2,1,4,10,10,48,84,25,204
85,team7,Male,White,40.2379497313564,7.83327235233224,762,2016.2,6,2,1,8,10,6,37,81,26,189
85,team7,Male,White,40.7379497313564,8.33327235233223,763,2017.1,7,2,1,1,13,8,41,91,34,207
85,team7,Male,White,41.2379497313564,8.83327235233223,764,2017.2,8,6,1,1,10,7,53,84,37,190
85,team7,Male,White,41.7379497313564,9.33327235233223,765,2018.1,9,2,2,4,13,5,48,84,30,204
86,team3,Male,White,39.4701213132293,14.5931466497253,766,2014.1,1,6,0,3,12,5,37,90,33,191
86,team3,Male,White,39.9701213132293,15.0931466497253,767,2014.2,2,1,1,9,12,4,34,93,29,201
86,team3,Male,White,40.4701213132293,15.5931466497253,768,2015.1,3,2,1,5,16,12,49,78,39,192
86,team3,Male,White,40.9701213132293,16.0931466497253,769,2015.2,4,1,1,5,6,8,44,77,41,222
86,team3,Male,White,41.4701213132293,16.5931466497253,770,2016.1,5,2,0,10,11,12,42,73,37,203
86,team3,Male,White,41.9701213132293,17.0931466497253,771,2016.2,6,1,2,8,8,5,39,82,41,221
86,team3,Male,White,42.4701213132293,17.5931466497253,772,2017.1,7,4,2,0,4,6,41,83,30,204
86,team3,Male,White,42.9701213132293,18.0931466497253,773,2017.2,8,2,3,5,4,6,44,92,29,187
86,team3,Male,White,43.4701213132293,18.5931466497253,774,2018.1,9,5,5,4,11,12,40,82,22,214
87,team2,Male,White,40.8527535091854,12.165859261992,775,2014.1,1,0,1,7,8,9,45,83,25,204
87,team2,Male,White,41.3527535091854,12.665859261992,776,2014.2,2,5,2,5,18,11,44,87,36,196
87,team2,Male,White,41.8527535091854,13.165859261992,777,2015.1,3,3,3,7,10,12,42,96,41,194
87,team2,Male,White,42.3527535091854,13.665859261992,778,2015.2,4,3,1,5,11,8,44,100,29,193
87,team2,Male,White,42.8527535091854,14.165859261992,779,2016.1,5,4,1,6,10,6,35,90,28,166
87,team2,Male,White,43.3527535091854,14.665859261992,780,2016.2,6,0,3,1,7,9,28,97,40,172
87,team2,Male,White,43.8527535091854,15.165859261992,781,2017.1,7,1,2,6,10,6,46,91,28,233
87,team2,Male,White,44.3527535091854,15.665859261992,782,2017.2,8,3,3,4,10,13,44,99,37,217
87,team2,Male,White,44.8527535091854,16.165859261992,783,2018.1,9,2,2,3,9,8,39,83,40,191
88,team10,Male,White,29.0596832203821,13.6270208675982,784,2014.1,1,3,3,4,7,12,48,78,35,176
88,team10,Male,White,29.5596832203821,14.1270208675982,785,2014.2,2,0,2,3,12,5,45,90,30,189
88,team10,Male,White,30.0596832203821,14.6270208675982,786,2015.1,3,4,1,6,16,5,49,79,22,193
88,team10,Male,White,30.5596832203821,15.1270208675982,787,2015.2,4,2,3,10,8,10,36,91,41,205
88,team10,Male,White,31.0596832203821,15.6270208675982,788,2016.1,5,3,0,10,3,12,49,76,39,193
88,team10,Male,White,31.5596832203821,16.1270208675982,789,2016.2,6,2,2,2,10,11,26,87,30,212
88,team10,Male,White,32.0596832203821,16.6270208675982,790,2017.1,7,1,3,4,8,8,45,79,26,203
88,team10,Male,White,32.5596832203821,17.1270208675982,791,2017.2,8,3,2,2,12,4,45,101,28,200
88,team10,Male,White,33.0596832203821,17.6270208675982,792,2018.1,9,2,1,5,5,6,49,78,35,199
89,team1,Male,White,47.236460771225,16.2135135511635,793,2014.1,1,2,2,10,10,13,38,86,35,198
89,team1,Male,White,47.736460771225,16.7135135511635,794,2014.2,2,1,3,1,6,9,53,86,35,197
89,team1,Male,White,48.236460771225,17.2135135511635,795,2015.1,3,5,5,7,8,6,35,84,35,180
89,team1,Male,White,48.736460771225,17.7135135511635,796,2015.2,4,3,1,8,9,8,50,93,19,199
89,team1,Male,White,49.236460771225,18.2135135511635,797,2016.1,5,4,1,8,9,6,40,90,36,195
89,team1,Male,White,49.736460771225,18.7135135511635,798,2016.2,6,2,2,1,8,5,32,86,32,192
89,team1,Male,White,50.236460771225,19.2135135511635,799,2017.1,7,5,2,6,11,9,53,83,37,214
89,team1,Male,White,50.736460771225,19.7135135511635,800,2017.2,8,3,4,3,14,9,44,96,39,208
89,team1,Male,White,51.236460771225,20.2135135511635,801,2018.1,9,2,1,5,6,13,44,89,31,201
90,team10,Male,White,41.914816974673,11.8270319992515,802,2014.1,1,5,3,6,11,10,35,103,39,214
90,team10,Male,White,42.414816974673,12.3270319992515,803,2014.2,2,3,1,2,12,10,52,87,40,209
90,team10,Male,White,42.914816974673,12.8270319992515,804,2015.1,3,3,1,2,13,7,48,91,24,201
90,team10,Male,White,43.414816974673,13.3270319992515,805,2015.2,4,1,3,6,15,8,40,89,34,176
90,team10,Male,White,43.914816974673,13.8270319992515,806,2016.1,5,0,0,3,6,9,39,99,34,202
90,team10,Male,White,44.414816974673,14.3270319992515,807,2016.2,6,2,2,8,12,7,36,76,29,208
90,team10,Male,White,44.914816974673,14.8270319992515,808,2017.1,7,4,0,2,10,4,40,101,24,190
90,team10,Male,White,45.414816974673,15.3270319992515,809,2017.2,8,1,2,7,12,9,50,72,27,181
90,team10,Male,White,45.914816974673,15.8270319992515,810,2018.1,9,3,0,5,9,13,37,74,28,216
91,team10,Male,Other,54.5497780393836,2.32619290594643,811,2014.1,1,3,1,7,14,13,37,95,35,194
91,team10,Male,Other,55.0497780393836,2.82619290594643,812,2014.2,2,1,1,6,10,12,47,81,42,220
91,team10,Male,Other,55.5497780393836,3.32619290594643,813,2015.1,3,2,3,6,6,8,33,96,34,232
91,team10,Male,Other,56.0497780393836,3.82619290594643,814,2015.2,4,0,0,3,17,10,47,95,41,209
91,team10,Male,Other,56.5497780393836,4.32619290594643,815,2016.1,5,4,4,8,11,8,40,87,36,200
91,team10,Male,Other,57.0497780393836,4.82619290594643,816,2016.2,6,1,3,0,10,4,43,88,27,196
91,team10,Male,Other,57.5497780393836,5.32619290594643,817,2017.1,7,3,2,4,12,5,34,85,36,201
91,team10,Male,Other,58.0497780393836,5.82619290594643,818,2017.2,8,3,6,5,6,4,42,91,31,182
91,team10,Male,Other,58.5497780393836,6.32619290594643,819,2018.1,9,5,1,5,5,10,49,100,38,203
92,team8,Male,Other,23.7698099946318,11.429409208382,820,2014.1,1,3,1,5,11,6,44,94,39,204
92,team8,Male,Other,24.2698099946318,11.929409208382,821,2014.2,2,3,3,4,9,8,53,87,33,207
92,team8,Male,Other,24.7698099946318,12.429409208382,822,2015.1,3,3,1,7,10,8,40,73,27,203
92,team8,Male,Other,25.2698099946318,12.929409208382,823,2015.2,4,2,2,5,11,7,42,78,31,194
92,team8,Male,Other,25.7698099946318,13.429409208382,824,2016.1,5,3,2,7,10,10,37,102,30,206
92,team8,Male,Other,26.2698099946318,13.929409208382,825,2016.2,6,3,0,4,12,10,42,75,27,194
92,team8,Male,Other,26.7698099946318,14.429409208382,826,2017.1,7,3,4,2,11,10,31,85,35,193
92,team8,Male,Other,27.2698099946318,14.929409208382,827,2017.2,8,3,2,9,17,3,51,88,32,193
92,team8,Male,Other,27.7698099946318,15.429409208382,828,2018.1,9,5,0,4,11,9,41,81,35,198
93,team10,Male,White,32.8713104686618,2.28540584881045,829,2014.1,1,4,1,5,8,4,43,92,34,206
93,team10,Male,White,33.3713104686618,2.78540584881045,830,2014.2,2,2,2,9,9,9,39,95,27,195
93,team10,Male,White,33.8713104686618,3.28540584881045,831,2015.1,3,2,2,6,5,12,59,94,33,186
93,team10,Male,White,34.3713104686618,3.78540584881045,832,2015.2,4,2,0,4,10,3,42,84,34,226
93,team10,Male,White,34.8713104686618,4.28540584881045,833,2016.1,5,2,1,5,13,7,44,84,30,204
93,team10,Male,White,35.3713104686618,4.78540584881045,834,2016.2,6,2,3,2,9,14,55,76,33,211
93,team10,Male,White,35.8713104686618,5.28540584881045,835,2017.1,7,2,3,5,14,11,47,81,41,213
93,team10,Male,White,36.3713104686618,5.78540584881045,836,2017.2,8,2,1,1,8,10,40,63,27,217
93,team10,Male,White,36.8713104686618,6.28540584881045,837,2018.1,9,3,2,3,14,6,43,90,32,182
94,team5,Female,White,24.9984839220792,8.038575848792,838,2014.1,1,2,0,2,12,8,48,82,38,212
94,team5,Female,White,25.4984839220792,8.538575848792,839,2014.2,2,1,5,2,17,17,28,75,30,215
94,team5,Female,White,25.9984839220792,9.03857584879199,840,2015.1,3,1,4,2,4,6,62,82,41,223
94,team5,Female,White,26.4984839220792,9.53857584879199,841,2015.2,4,5,2,0,15,9,46,75,31,199
94,team5,Female,White,26.9984839220792,10.038575848792,842,2016.1,5,4,2,5,16,10,44,95,37,195
94,team5,Female,White,27.4984839220792,10.538575848792,843,2016.2,6,4,2,2,12,8,38,80,33,220
94,team5,Female,White,27.9984839220792,11.038575848792,844,2017.1,7,1,1,8,8,6,43,78,40,178
94,team5,Female,White,28.4984839220792,11.538575848792,845,2017.2,8,2,2,6,9,17,38,91,41,190
94,team5,Female,White,28.9984839220792,12.038575848792,846,2018.1,9,2,2,7,18,10,41,74,33,183
95,team7,Male,White,34.0530147152831,15.7591349182535,847,2014.1,1,3,3,10,12,4,40,66,30,198
95,team7,Male,White,34.5530147152831,16.2591349182535,848,2014.2,2,1,3,6,17,8,37,90,41,181
95,team7,Male,White,35.0530147152831,16.7591349182535,849,2015.1,3,1,0,7,6,6,38,77,33,195
95,team7,Male,White,35.5530147152831,17.2591349182535,850,2015.2,4,6,3,6,11,5,56,92,26,208
95,team7,Male,White,36.0530147152831,17.7591349182535,851,2016.1,5,4,1,5,8,5,38,72,27,201
95,team7,Male,White,36.5530147152831,18.2591349182535,852,2016.2,6,2,0,5,13,4,56,93,27,206
95,team7,Male,White,37.0530147152831,18.7591349182535,853,2017.1,7,6,0,7,8,11,54,73,34,207
95,team7,Male,White,37.5530147152831,19.2591349182535,854,2017.2,8,2,4,7,9,3,48,84,29,200
95,team7,Male,White,38.0530147152831,19.7591349182535,855,2018.1,9,5,1,6,6,11,48,100,31,203
96,team8,Male,White,39.1709896355328,1.85261655719863,856,2014.1,1,1,3,2,8,7,47,88,50,208
96,team8,Male,White,39.6709896355328,2.35261655719863,857,2014.2,2,3,2,7,8,6,35,84,41,214
96,team8,Male,White,40.1709896355328,2.85261655719863,858,2015.1,3,3,3,5,13,6,44,83,32,212
96,team8,Male,White,40.6709896355328,3.35261655719863,859,2015.2,4,5,1,3,9,6,53,77,26,186
96,team8,Male,White,41.1709896355328,3.85261655719863,860,2016.1,5,3,0,2,10,10,53,86,41,202
96,team8,Male,White,41.6709896355328,4.35261655719863,861,2016.2,6,2,0,7,10,6,37,79,33,197
96,team8,Male,White,42.1709896355328,4.85261655719863,862,2017.1,7,0,1,4,10,15,41,96,32,211
96,team8,Male,White,42.6709896355328,5.35261655719863,863,2017.2,8,2,3,6,14,7,42,89,42,213
96,team8,Male,White,43.1709896355328,5.85261655719863,864,2018.1,9,3,1,4,14,6,48,86,30,190
97,team5,Male,White,48.9179941021015,11.3528672232675,865,2014.1,1,2,4,5,10,6,47,87,37,182
97,team5,Male,White,49.4179941021015,11.8528672232675,866,2014.2,2,1,0,4,11,7,37,73,40,202
97,team5,Male,White,49.9179941021015,12.3528672232675,867,2015.1,3,6,1,2,9,10,53,97,37,214
97,team5,Male,White,50.4179941021015,12.8528672232675,868,2015.2,4,2,3,2,10,14,37,88,27,199
97,team5,Male,White,50.9179941021015,13.3528672232675,869,2016.1,5,0,3,3,7,11,41,83,40,192
97,team5,Male,White,51.4179941021015,13.8528672232675,870,2016.2,6,4,3,8,9,7,51,83,33,229
97,team5,Male,White,51.9179941021015,14.3528672232675,871,2017.1,7,2,1,7,13,7,39,95,25,191
97,team5,Male,White,52.4179941021015,14.8528672232675,872,2017.2,8,4,2,6,18,15,53,77,27,184
97,team5,Male,White,52.9179941021015,15.3528672232675,873,2018.1,9,3,3,4,7,6,47,81,26,201
98,team6,Male,White,33.8963063694525,7.63492381777789,874,2014.1,1,3,2,6,17,10,54,100,37,199
98,team6,Male,White,34.3963063694525,8.13492381777789,875,2014.2,2,0,0,2,14,12,49,79,33,192
98,team6,Male,White,34.8963063694525,8.63492381777789,876,2015.1,3,1,0,8,10,4,45,104,46,223
98,team6,Male,White,35.3963063694525,9.13492381777789,877,2015.2,4,3,2,6,8,15,50,72,33,189
98,team6,Male,White,35.8963063694525,9.63492381777789,878,2016.1,5,1,2,3,9,6,41,79,33,199
98,team6,Male,White,36.3963063694525,10.1349238177779,879,2016.2,6,2,1,8,13,10,52,79,27,179
98,team6,Male,White,36.8963063694525,10.6349238177779,880,2017.1,7,6,1,5,10,5,41,92,32,206
98,team6,Male,White,37.3963063694525,11.1349238177779,881,2017.2,8,1,1,7,11,9,53,103,33,204
98,team6,Male,White,37.8963063694525,11.6349238177779,882,2018.1,9,0,0,1,17,13,41,104,29,189
99,team8,Male,White,28.6098204167734,9.23377569037772,883,2014.1,1,3,3,6,15,11,51,89,29,189
99,team8,Male,White,29.1098204167734,9.73377569037772,884,2014.2,2,1,3,9,9,8,42,73,40,180
99,team8,Male,White,29.6098204167734,10.2337756903777,885,2015.1,3,0,1,6,11,13,43,84,41,187
99,team8,Male,White,30.1098204167734,10.7337756903777,886,2015.2,4,0,2,11,12,10,50,71,30,229
99,team8,Male,White,30.6098204167734,11.2337756903777,887,2016.1,5,1,0,10,8,10,37,77,31,212
99,team8,Male,White,31.1098204167734,11.7337756903777,888,2016.2,6,2,2,5,10,9,57,86,25,220
99,team8,Male,White,31.6098204167734,12.2337756903777,889,2017.1,7,5,1,5,15,9,43,88,32,213
99,team8,Male,White,32.1098204167734,12.7337756903777,890,2017.2,8,0,2,2,6,10,41,92,26,202
99,team8,Male,White,32.6098204167734,13.2337756903777,891,2018.1,9,1,4,10,9,8,47,91,28,190
100,team1,Male,White,34.8483336004215,15.8762531283226,892,2014.1,1,1,1,7,6,12,42,88,33,199
100,team1,Male,White,35.3483336004215,16.3762531283226,893,2014.2,2,4,4,6,5,11,36,82,29,235
100,team1,Male,White,35.8483336004215,16.8762531283226,894,2015.1,3,1,2,4,15,11,43,95,30,198
100,team1,Male,White,36.3483336004215,17.3762531283226,895,2015.2,4,5,0,6,15,4,39,86,43,182
100,team1,Male,White,36.8483336004215,17.8762531283226,896,2016.1,5,6,0,4,11,6,45,97,22,192
100,team1,Male,White,37.3483336004215,18.3762531283226,897,2016.2,6,1,1,4,13,6,46,76,31,187
100,team1,Male,White,37.8483336004215,18.8762531283226,898,2017.1,7,0,5,7,7,4,36,86,40,196
100,team1,Male,White,38.3483336004215,19.3762531283226,899,2017.2,8,0,4,5,14,13,44,94,29,208
100,team1,Male,White,38.8483336004215,19.8762531283226,900,2018.1,9,3,5,4,8,10,36,104,27,196
